marker,Identifier,Score,Component,Description
ARogers,Participant 12896008,3,1,Abstract is clear and accurate
ARogers,Participant 12896008,3,2,Abstract contains correct information
ARogers,Participant 12896008,2,3,Introduction is clear and accurate
ARogers,Participant 12896008,2,4,Introduction gives big-picture overview
ARogers,Participant 12896008,3,5,Introduction outlines specific research area
ARogers,Participant 12896008,2,6,Introduction gives rationale for current experiment
ARogers,Participant 12896008,3,7,"Participant section is clear, accurate, and contain correct information"
ARogers,Participant 12896008,4,8,Sample sizes are justified through a power calculation
ARogers,Participant 12896008,2,9,"Apparatus and materials sections are clear, accurate, and contain correct information"
ARogers,Participant 12896008,2,10,"Procedure section is clear, accurate, and contain correct information."
ARogers,Participant 12896008,2,11,"Result section is overall clear, accurate, and contain correct information"
ARogers,Participant 12896008,3,12,"Figure(s) are clear and appropriate, lack clutter, and have meaningful axis labels and good font sizes"
ARogers,Participant 12896008,1,13,Figure(s) have an appropriate figure legend that is referred to in the main text.
ARogers,Participant 12896008,3,14,"Results section includes appropriate and accurate summary statistics (e.g. means, density plots)"
ARogers,Participant 12896008,2,15,Results section includes appropriate and accurate inferential statistics (Bayesian ANOVA)
ARogers,Participant 12896008,2,17,Discussion correctly and clearly summarises findings
ARogers,Participant 12896008,2,18,Discussion correctly interprets findings
ARogers,Participant 12896008,3,19,Discussion makes appropriate links to previous literature
ARogers,Participant 12896008,2,20,Discussion provides good considerations of the limitations of the current study
ARogers,Participant 12896008,2,21,"Discussion makes a good, sensible suggestion for future work"
ARogers,Participant 12896008,2,22,Discussion concludes appropriately.
ARogers,Participant 12896008,2,23,Overall clarity of writing
ARogers,Participant 12896008,3,24,Overall quality of grammar and spelling
ARogers,Participant 12896008,4,25,Correct formatting of sections and sub-sections
ARogers,Participant 12896008,4,26,Correct usage of APA-formatted citations and references
ARogers,Participant 12896009,4,1,Abstract is clear and accurate
ARogers,Participant 12896009,4,2,Abstract contains correct information
ARogers,Participant 12896009,4,3,Introduction is clear and accurate
ARogers,Participant 12896009,5,4,Introduction gives big-picture overview
ARogers,Participant 12896009,5,5,Introduction outlines specific research area
ARogers,Participant 12896009,4,6,Introduction gives rationale for current experiment
ARogers,Participant 12896009,4,7,"Participant section is clear, accurate, and contain correct information"
ARogers,Participant 12896009,4,8,Sample sizes are justified through a power calculation
ARogers,Participant 12896009,5,9,"Apparatus and materials sections are clear, accurate, and contain correct information"
ARogers,Participant 12896009,5,10,"Procedure section is clear, accurate, and contain correct information."
ARogers,Participant 12896009,3,11,"Result section is overall clear, accurate, and contain correct information"
ARogers,Participant 12896009,4,12,"Figure(s) are clear and appropriate, lack clutter, and have meaningful axis labels and good font sizes"
ARogers,Participant 12896009,5,13,Figure(s) have an appropriate figure legend that is referred to in the main text.
ARogers,Participant 12896009,4,14,"Results section includes appropriate and accurate summary statistics (e.g. means, density plots)"
ARogers,Participant 12896009,3,15,Results section includes appropriate and accurate inferential statistics (Bayesian ANOVA)
ARogers,Participant 12896009,3,17,Discussion correctly and clearly summarises findings
ARogers,Participant 12896009,4,18,Discussion correctly interprets findings
ARogers,Participant 12896009,5,19,Discussion makes appropriate links to previous literature
ARogers,Participant 12896009,3,20,Discussion provides good considerations of the limitations of the current study
ARogers,Participant 12896009,2,21,"Discussion makes a good, sensible suggestion for future work"
ARogers,Participant 12896009,4,22,Discussion concludes appropriately.
ARogers,Participant 12896009,4,23,Overall clarity of writing
ARogers,Participant 12896009,5,24,Overall quality of grammar and spelling
ARogers,Participant 12896009,5,25,Correct formatting of sections and sub-sections
ARogers,Participant 12896009,5,26,Correct usage of APA-formatted citations and references
ARogers,Participant 12895987,3,1,Abstract is clear and accurate
ARogers,Participant 12895987,2,2,Abstract contains correct information
ARogers,Participant 12895987,2,3,Introduction is clear and accurate
ARogers,Participant 12895987,3,4,Introduction gives big-picture overview
ARogers,Participant 12895987,3,5,Introduction outlines specific research area
ARogers,Participant 12895987,3,6,Introduction gives rationale for current experiment
ARogers,Participant 12895987,2,7,"Participant section is clear, accurate, and contain correct information"
ARogers,Participant 12895987,1,8,Sample sizes are justified through a power calculation
ARogers,Participant 12895987,4,9,"Apparatus and materials sections are clear, accurate, and contain correct information"
ARogers,Participant 12895987,3,10,"Procedure section is clear, accurate, and contain correct information."
ARogers,Participant 12895987,2,11,"Result section is overall clear, accurate, and contain correct information"
ARogers,Participant 12895987,4,12,"Figure(s) are clear and appropriate, lack clutter, and have meaningful axis labels and good font sizes"
ARogers,Participant 12895987,5,13,Figure(s) have an appropriate figure legend that is referred to in the main text.
ARogers,Participant 12895987,2,14,"Results section includes appropriate and accurate summary statistics (e.g. means, density plots)"
ARogers,Participant 12895987,2,15,Results section includes appropriate and accurate inferential statistics (Bayesian ANOVA)
ARogers,Participant 12895987,3,17,Discussion correctly and clearly summarises findings
ARogers,Participant 12895987,2,18,Discussion correctly interprets findings
ARogers,Participant 12895987,3,19,Discussion makes appropriate links to previous literature
ARogers,Participant 12895987,3,20,Discussion provides good considerations of the limitations of the current study
ARogers,Participant 12895987,2,21,"Discussion makes a good, sensible suggestion for future work"
ARogers,Participant 12895987,3,22,Discussion concludes appropriately.
ARogers,Participant 12895987,3,23,Overall clarity of writing
ARogers,Participant 12895987,3,24,Overall quality of grammar and spelling
ARogers,Participant 12895987,3,25,Correct formatting of sections and sub-sections
ARogers,Participant 12895987,4,26,Correct usage of APA-formatted citations and references
ARogers,Participant 12896021,4,1,Abstract is clear and accurate
ARogers,Participant 12896021,4,2,Abstract contains correct information
ARogers,Participant 12896021,3,3,Introduction is clear and accurate
ARogers,Participant 12896021,4,4,Introduction gives big-picture overview
ARogers,Participant 12896021,3,5,Introduction outlines specific research area
ARogers,Participant 12896021,2,6,Introduction gives rationale for current experiment
ARogers,Participant 12896021,4,7,"Participant section is clear, accurate, and contain correct information"
ARogers,Participant 12896021,5,8,Sample sizes are justified through a power calculation
ARogers,Participant 12896021,4,9,"Apparatus and materials sections are clear, accurate, and contain correct information"
ARogers,Participant 12896021,4,10,"Procedure section is clear, accurate, and contain correct information."
ARogers,Participant 12896021,5,11,"Result section is overall clear, accurate, and contain correct information"
ARogers,Participant 12896021,5,12,"Figure(s) are clear and appropriate, lack clutter, and have meaningful axis labels and good font sizes"
ARogers,Participant 12896021,5,13,Figure(s) have an appropriate figure legend that is referred to in the main text.
ARogers,Participant 12896021,4,14,"Results section includes appropriate and accurate summary statistics (e.g. means, density plots)"
ARogers,Participant 12896021,5,15,Results section includes appropriate and accurate inferential statistics (Bayesian ANOVA)
ARogers,Participant 12896021,5,17,Discussion correctly and clearly summarises findings
ARogers,Participant 12896021,4,18,Discussion correctly interprets findings
ARogers,Participant 12896021,3,19,Discussion makes appropriate links to previous literature
ARogers,Participant 12896021,3,20,Discussion provides good considerations of the limitations of the current study
ARogers,Participant 12896021,3,21,"Discussion makes a good, sensible suggestion for future work"
ARogers,Participant 12896021,3,22,Discussion concludes appropriately.
ARogers,Participant 12896021,4,23,Overall clarity of writing
ARogers,Participant 12896021,5,24,Overall quality of grammar and spelling
ARogers,Participant 12896021,5,25,Correct formatting of sections and sub-sections
ARogers,Participant 12896021,4,26,Correct usage of APA-formatted citations and references
ARogers,Participant 12895979,3,1,Abstract is clear and accurate
ARogers,Participant 12895979,3,2,Abstract contains correct information
ARogers,Participant 12895979,3,3,Introduction is clear and accurate
ARogers,Participant 12895979,3,4,Introduction gives big-picture overview
ARogers,Participant 12895979,3,5,Introduction outlines specific research area
ARogers,Participant 12895979,2,6,Introduction gives rationale for current experiment
ARogers,Participant 12895979,3,7,"Participant section is clear, accurate, and contain correct information"
ARogers,Participant 12895979,4,8,Sample sizes are justified through a power calculation
ARogers,Participant 12895979,3,9,"Apparatus and materials sections are clear, accurate, and contain correct information"
ARogers,Participant 12895979,4,10,"Procedure section is clear, accurate, and contain correct information."
ARogers,Participant 12895979,3,11,"Result section is overall clear, accurate, and contain correct information"
ARogers,Participant 12895979,4,12,"Figure(s) are clear and appropriate, lack clutter, and have meaningful axis labels and good font sizes"
ARogers,Participant 12895979,5,13,Figure(s) have an appropriate figure legend that is referred to in the main text.
ARogers,Participant 12895979,4,14,"Results section includes appropriate and accurate summary statistics (e.g. means, density plots)"
ARogers,Participant 12895979,4,15,Results section includes appropriate and accurate inferential statistics (Bayesian ANOVA)
ARogers,Participant 12895979,2,17,Discussion correctly and clearly summarises findings
ARogers,Participant 12895979,3,18,Discussion correctly interprets findings
ARogers,Participant 12895979,5,19,Discussion makes appropriate links to previous literature
ARogers,Participant 12895979,3,20,Discussion provides good considerations of the limitations of the current study
ARogers,Participant 12895979,4,21,"Discussion makes a good, sensible suggestion for future work"
ARogers,Participant 12895979,4,22,Discussion concludes appropriately.
ARogers,Participant 12895979,4,23,Overall clarity of writing
ARogers,Participant 12895979,5,24,Overall quality of grammar and spelling
ARogers,Participant 12895979,3,25,Correct formatting of sections and sub-sections
ARogers,Participant 12895979,5,26,Correct usage of APA-formatted citations and references
ARogers,Participant 12895988,4,1,Abstract is clear and accurate
ARogers,Participant 12895988,4,2,Abstract contains correct information
ARogers,Participant 12895988,3,3,Introduction is clear and accurate
ARogers,Participant 12895988,4,4,Introduction gives big-picture overview
ARogers,Participant 12895988,5,5,Introduction outlines specific research area
ARogers,Participant 12895988,2,6,Introduction gives rationale for current experiment
ARogers,Participant 12895988,5,7,"Participant section is clear, accurate, and contain correct information"
ARogers,Participant 12895988,5,8,Sample sizes are justified through a power calculation
ARogers,Participant 12895988,3,9,"Apparatus and materials sections are clear, accurate, and contain correct information"
ARogers,Participant 12895988,2,10,"Procedure section is clear, accurate, and contain correct information."
ARogers,Participant 12895988,3,11,"Result section is overall clear, accurate, and contain correct information"
ARogers,Participant 12895988,3,12,"Figure(s) are clear and appropriate, lack clutter, and have meaningful axis labels and good font sizes"
ARogers,Participant 12895988,4,13,Figure(s) have an appropriate figure legend that is referred to in the main text.
ARogers,Participant 12895988,3,14,"Results section includes appropriate and accurate summary statistics (e.g. means, density plots)"
ARogers,Participant 12895988,2,15,Results section includes appropriate and accurate inferential statistics (Bayesian ANOVA)
ARogers,Participant 12895988,3,17,Discussion correctly and clearly summarises findings
ARogers,Participant 12895988,3,18,Discussion correctly interprets findings
ARogers,Participant 12895988,4,19,Discussion makes appropriate links to previous literature
ARogers,Participant 12895988,3,20,Discussion provides good considerations of the limitations of the current study
ARogers,Participant 12895988,3,21,"Discussion makes a good, sensible suggestion for future work"
ARogers,Participant 12895988,3,22,Discussion concludes appropriately.
ARogers,Participant 12895988,4,23,Overall clarity of writing
ARogers,Participant 12895988,4,24,Overall quality of grammar and spelling
ARogers,Participant 12895988,5,25,Correct formatting of sections and sub-sections
ARogers,Participant 12895988,4,26,Correct usage of APA-formatted citations and references
ARogers,Participant 12895978,4,1,Abstract is clear and accurate
ARogers,Participant 12895978,3,2,Abstract contains correct information
ARogers,Participant 12895978,3,3,Introduction is clear and accurate
ARogers,Participant 12895978,4,4,Introduction gives big-picture overview
ARogers,Participant 12895978,3,5,Introduction outlines specific research area
ARogers,Participant 12895978,3,6,Introduction gives rationale for current experiment
ARogers,Participant 12895978,4,7,"Participant section is clear, accurate, and contain correct information"
ARogers,Participant 12895978,4,8,Sample sizes are justified through a power calculation
ARogers,Participant 12895978,4,9,"Apparatus and materials sections are clear, accurate, and contain correct information"
ARogers,Participant 12895978,3,10,"Procedure section is clear, accurate, and contain correct information."
ARogers,Participant 12895978,3,11,"Result section is overall clear, accurate, and contain correct information"
ARogers,Participant 12895978,3,12,"Figure(s) are clear and appropriate, lack clutter, and have meaningful axis labels and good font sizes"
ARogers,Participant 12895978,4,13,Figure(s) have an appropriate figure legend that is referred to in the main text.
ARogers,Participant 12895978,3,14,"Results section includes appropriate and accurate summary statistics (e.g. means, density plots)"
ARogers,Participant 12895978,3,15,Results section includes appropriate and accurate inferential statistics (Bayesian ANOVA)
ARogers,Participant 12895978,3,17,Discussion correctly and clearly summarises findings
ARogers,Participant 12895978,2,18,Discussion correctly interprets findings
ARogers,Participant 12895978,4,19,Discussion makes appropriate links to previous literature
ARogers,Participant 12895978,2,20,Discussion provides good considerations of the limitations of the current study
ARogers,Participant 12895978,2,21,"Discussion makes a good, sensible suggestion for future work"
ARogers,Participant 12895978,3,22,Discussion concludes appropriately.
ARogers,Participant 12895978,4,23,Overall clarity of writing
ARogers,Participant 12895978,4,24,Overall quality of grammar and spelling
ARogers,Participant 12895978,5,25,Correct formatting of sections and sub-sections
ARogers,Participant 12895978,4,26,Correct usage of APA-formatted citations and references
ARogers,Participant 12895993,2,1,Abstract is clear and accurate
ARogers,Participant 12895993,2,2,Abstract contains correct information
ARogers,Participant 12895993,3,3,Introduction is clear and accurate
ARogers,Participant 12895993,2,4,Introduction gives big-picture overview
ARogers,Participant 12895993,3,5,Introduction outlines specific research area
ARogers,Participant 12895993,2,6,Introduction gives rationale for current experiment
ARogers,Participant 12895993,3,7,"Participant section is clear, accurate, and contain correct information"
ARogers,Participant 12895993,4,8,Sample sizes are justified through a power calculation
ARogers,Participant 12895993,2,9,"Apparatus and materials sections are clear, accurate, and contain correct information"
ARogers,Participant 12895993,2,10,"Procedure section is clear, accurate, and contain correct information."
ARogers,Participant 12895993,2,11,"Result section is overall clear, accurate, and contain correct information"
ARogers,Participant 12895993,3,12,"Figure(s) are clear and appropriate, lack clutter, and have meaningful axis labels and good font sizes"
ARogers,Participant 12895993,3,13,Figure(s) have an appropriate figure legend that is referred to in the main text.
ARogers,Participant 12895993,3,14,"Results section includes appropriate and accurate summary statistics (e.g. means, density plots)"
ARogers,Participant 12895993,2,15,Results section includes appropriate and accurate inferential statistics (Bayesian ANOVA)
ARogers,Participant 12895993,2,17,Discussion correctly and clearly summarises findings
ARogers,Participant 12895993,3,18,Discussion correctly interprets findings
ARogers,Participant 12895993,4,19,Discussion makes appropriate links to previous literature
ARogers,Participant 12895993,2,20,Discussion provides good considerations of the limitations of the current study
ARogers,Participant 12895993,2,21,"Discussion makes a good, sensible suggestion for future work"
ARogers,Participant 12895993,2,22,Discussion concludes appropriately.
ARogers,Participant 12895993,3,23,Overall clarity of writing
ARogers,Participant 12895993,2,24,Overall quality of grammar and spelling
ARogers,Participant 12895993,4,25,Correct formatting of sections and sub-sections
ARogers,Participant 12895993,4,26,Correct usage of APA-formatted citations and references
ARogers,Participant 12895994,3,1,Abstract is clear and accurate
ARogers,Participant 12895994,3,2,Abstract contains correct information
ARogers,Participant 12895994,2,3,Introduction is clear and accurate
ARogers,Participant 12895994,3,4,Introduction gives big-picture overview
ARogers,Participant 12895994,3,5,Introduction outlines specific research area
ARogers,Participant 12895994,2,6,Introduction gives rationale for current experiment
ARogers,Participant 12895994,3,7,"Participant section is clear, accurate, and contain correct information"
ARogers,Participant 12895994,2,8,Sample sizes are justified through a power calculation
ARogers,Participant 12895994,2,9,"Apparatus and materials sections are clear, accurate, and contain correct information"
ARogers,Participant 12895994,2,10,"Procedure section is clear, accurate, and contain correct information."
ARogers,Participant 12895994,2,11,"Result section is overall clear, accurate, and contain correct information"
ARogers,Participant 12895994,3,12,"Figure(s) are clear and appropriate, lack clutter, and have meaningful axis labels and good font sizes"
ARogers,Participant 12895994,4,13,Figure(s) have an appropriate figure legend that is referred to in the main text.
ARogers,Participant 12895994,3,14,"Results section includes appropriate and accurate summary statistics (e.g. means, density plots)"
ARogers,Participant 12895994,3,15,Results section includes appropriate and accurate inferential statistics (Bayesian ANOVA)
ARogers,Participant 12895994,2,17,Discussion correctly and clearly summarises findings
ARogers,Participant 12895994,2,18,Discussion correctly interprets findings
ARogers,Participant 12895994,4,19,Discussion makes appropriate links to previous literature
ARogers,Participant 12895994,2,20,Discussion provides good considerations of the limitations of the current study
ARogers,Participant 12895994,2,21,"Discussion makes a good, sensible suggestion for future work"
ARogers,Participant 12895994,4,22,Discussion concludes appropriately.
ARogers,Participant 12895994,3,23,Overall clarity of writing
ARogers,Participant 12895994,3,24,Overall quality of grammar and spelling
ARogers,Participant 12895994,5,25,Correct formatting of sections and sub-sections
ARogers,Participant 12895994,4,26,Correct usage of APA-formatted citations and references
ARogers,Participant 12895996,3,1,Abstract is clear and accurate
ARogers,Participant 12895996,3,2,Abstract contains correct information
ARogers,Participant 12895996,2,3,Introduction is clear and accurate
ARogers,Participant 12895996,3,4,Introduction gives big-picture overview
ARogers,Participant 12895996,3,5,Introduction outlines specific research area
ARogers,Participant 12895996,2,6,Introduction gives rationale for current experiment
ARogers,Participant 12895996,2,7,"Participant section is clear, accurate, and contain correct information"
ARogers,Participant 12895996,3,8,Sample sizes are justified through a power calculation
ARogers,Participant 12895996,2,9,"Apparatus and materials sections are clear, accurate, and contain correct information"
ARogers,Participant 12895996,4,10,"Procedure section is clear, accurate, and contain correct information."
ARogers,Participant 12895996,4,11,"Result section is overall clear, accurate, and contain correct information"
ARogers,Participant 12895996,4,12,"Figure(s) are clear and appropriate, lack clutter, and have meaningful axis labels and good font sizes"
ARogers,Participant 12895996,5,13,Figure(s) have an appropriate figure legend that is referred to in the main text.
ARogers,Participant 12895996,4,14,"Results section includes appropriate and accurate summary statistics (e.g. means, density plots)"
ARogers,Participant 12895996,2,15,Results section includes appropriate and accurate inferential statistics (Bayesian ANOVA)
ARogers,Participant 12895996,2,17,Discussion correctly and clearly summarises findings
ARogers,Participant 12895996,3,18,Discussion correctly interprets findings
ARogers,Participant 12895996,3,19,Discussion makes appropriate links to previous literature
ARogers,Participant 12895996,3,20,Discussion provides good considerations of the limitations of the current study
ARogers,Participant 12895996,2,21,"Discussion makes a good, sensible suggestion for future work"
ARogers,Participant 12895996,3,22,Discussion concludes appropriately.
ARogers,Participant 12895996,2,23,Overall clarity of writing
ARogers,Participant 12895996,3,24,Overall quality of grammar and spelling
ARogers,Participant 12895996,3,25,Correct formatting of sections and sub-sections
ARogers,Participant 12895996,4,26,Correct usage of APA-formatted citations and references
ARogers,Participant 12896001,4,1,Abstract is clear and accurate
ARogers,Participant 12896001,4,2,Abstract contains correct information
ARogers,Participant 12896001,4,3,Introduction is clear and accurate
ARogers,Participant 12896001,4,4,Introduction gives big-picture overview
ARogers,Participant 12896001,3,5,Introduction outlines specific research area
ARogers,Participant 12896001,3,6,Introduction gives rationale for current experiment
ARogers,Participant 12896001,5,7,"Participant section is clear, accurate, and contain correct information"
ARogers,Participant 12896001,5,8,Sample sizes are justified through a power calculation
ARogers,Participant 12896001,4,9,"Apparatus and materials sections are clear, accurate, and contain correct information"
ARogers,Participant 12896001,4,10,"Procedure section is clear, accurate, and contain correct information."
ARogers,Participant 12896001,4,11,"Result section is overall clear, accurate, and contain correct information"
ARogers,Participant 12896001,4,12,"Figure(s) are clear and appropriate, lack clutter, and have meaningful axis labels and good font sizes"
ARogers,Participant 12896001,5,13,Figure(s) have an appropriate figure legend that is referred to in the main text.
ARogers,Participant 12896001,3,14,"Results section includes appropriate and accurate summary statistics (e.g. means, density plots)"
ARogers,Participant 12896001,3,15,Results section includes appropriate and accurate inferential statistics (Bayesian ANOVA)
ARogers,Participant 12896001,4,17,Discussion correctly and clearly summarises findings
ARogers,Participant 12896001,5,18,Discussion correctly interprets findings
ARogers,Participant 12896001,4,19,Discussion makes appropriate links to previous literature
ARogers,Participant 12896001,4,20,Discussion provides good considerations of the limitations of the current study
ARogers,Participant 12896001,3,21,"Discussion makes a good, sensible suggestion for future work"
ARogers,Participant 12896001,3,22,Discussion concludes appropriately.
ARogers,Participant 12896001,4,23,Overall clarity of writing
ARogers,Participant 12896001,5,24,Overall quality of grammar and spelling
ARogers,Participant 12896001,5,25,Correct formatting of sections and sub-sections
ARogers,Participant 12896001,5,26,Correct usage of APA-formatted citations and references
ARogers,Participant 12896004,4,1,Abstract is clear and accurate
ARogers,Participant 12896004,5,2,Abstract contains correct information
ARogers,Participant 12896004,4,3,Introduction is clear and accurate
ARogers,Participant 12896004,4,4,Introduction gives big-picture overview
ARogers,Participant 12896004,5,5,Introduction outlines specific research area
ARogers,Participant 12896004,5,6,Introduction gives rationale for current experiment
ARogers,Participant 12896004,5,7,"Participant section is clear, accurate, and contain correct information"
ARogers,Participant 12896004,3,8,Sample sizes are justified through a power calculation
ARogers,Participant 12896004,4,9,"Apparatus and materials sections are clear, accurate, and contain correct information"
ARogers,Participant 12896004,4,10,"Procedure section is clear, accurate, and contain correct information."
ARogers,Participant 12896004,5,11,"Result section is overall clear, accurate, and contain correct information"
ARogers,Participant 12896004,4,12,"Figure(s) are clear and appropriate, lack clutter, and have meaningful axis labels and good font sizes"
ARogers,Participant 12896004,5,13,Figure(s) have an appropriate figure legend that is referred to in the main text.
ARogers,Participant 12896004,5,14,"Results section includes appropriate and accurate summary statistics (e.g. means, density plots)"
ARogers,Participant 12896004,4,15,Results section includes appropriate and accurate inferential statistics (Bayesian ANOVA)
ARogers,Participant 12896004,5,17,Discussion correctly and clearly summarises findings
ARogers,Participant 12896004,5,18,Discussion correctly interprets findings
ARogers,Participant 12896004,5,19,Discussion makes appropriate links to previous literature
ARogers,Participant 12896004,4,20,Discussion provides good considerations of the limitations of the current study
ARogers,Participant 12896004,4,21,"Discussion makes a good, sensible suggestion for future work"
ARogers,Participant 12896004,4,22,Discussion concludes appropriately.
ARogers,Participant 12896004,5,23,Overall clarity of writing
ARogers,Participant 12896004,3,24,Overall quality of grammar and spelling
ARogers,Participant 12896004,5,25,Correct formatting of sections and sub-sections
ARogers,Participant 12896004,5,26,Correct usage of APA-formatted citations and references
ARogers,Participant 12896010,3,1,Abstract is clear and accurate
ARogers,Participant 12896010,2,2,Abstract contains correct information
ARogers,Participant 12896010,2,3,Introduction is clear and accurate
ARogers,Participant 12896010,3,4,Introduction gives big-picture overview
ARogers,Participant 12896010,2,5,Introduction outlines specific research area
ARogers,Participant 12896010,2,6,Introduction gives rationale for current experiment
ARogers,Participant 12896010,2,7,"Participant section is clear, accurate, and contain correct information"
ARogers,Participant 12896010,4,8,Sample sizes are justified through a power calculation
ARogers,Participant 12896010,2,9,"Apparatus and materials sections are clear, accurate, and contain correct information"
ARogers,Participant 12896010,2,10,"Procedure section is clear, accurate, and contain correct information."
ARogers,Participant 12896010,2,11,"Result section is overall clear, accurate, and contain correct information"
ARogers,Participant 12896010,3,12,"Figure(s) are clear and appropriate, lack clutter, and have meaningful axis labels and good font sizes"
ARogers,Participant 12896010,3,13,Figure(s) have an appropriate figure legend that is referred to in the main text.
ARogers,Participant 12896010,2,14,"Results section includes appropriate and accurate summary statistics (e.g. means, density plots)"
ARogers,Participant 12896010,2,15,Results section includes appropriate and accurate inferential statistics (Bayesian ANOVA)
ARogers,Participant 12896010,3,17,Discussion correctly and clearly summarises findings
ARogers,Participant 12896010,2,18,Discussion correctly interprets findings
ARogers,Participant 12896010,3,19,Discussion makes appropriate links to previous literature
ARogers,Participant 12896010,2,20,Discussion provides good considerations of the limitations of the current study
ARogers,Participant 12896010,3,21,"Discussion makes a good, sensible suggestion for future work"
ARogers,Participant 12896010,1,22,Discussion concludes appropriately.
ARogers,Participant 12896010,3,23,Overall clarity of writing
ARogers,Participant 12896010,3,24,Overall quality of grammar and spelling
ARogers,Participant 12896010,2,25,Correct formatting of sections and sub-sections
ARogers,Participant 12896010,4,26,Correct usage of APA-formatted citations and references
DGraham,Participant 12895981,3,1,Abstract is clear and accurate
DGraham,Participant 12895981,3,2,Abstract contains correct information
DGraham,Participant 12895981,3,3,Introduction is clear and accurate
DGraham,Participant 12895981,3,4,Introduction gives big-picture overview
DGraham,Participant 12895981,3,5,Introduction outlines specific research area
DGraham,Participant 12895981,2,6,Introduction gives rationale for current experiment
DGraham,Participant 12895981,3,7,"Participant section is clear, accurate, and contain correct information"
DGraham,Participant 12895981,3,8,Sample sizes are justified through a power calculation
DGraham,Participant 12895981,2,9,"Apparatus and materials sections are clear, accurate, and contain correct information"
DGraham,Participant 12895981,3,10,"Procedure section is clear, accurate, and contain correct information."
DGraham,Participant 12895981,3,11,"Result section is overall clear, accurate, and contain correct information"
DGraham,Participant 12895981,3,12,"Figure(s) are clear and appropriate, lack clutter, and have meaningful axis labels and good font sizes"
DGraham,Participant 12895981,3,13,Figure(s) have an appropriate figure legend that is referred to in the main text.
DGraham,Participant 12895981,3,14,"Results section includes appropriate and accurate summary statistics (e.g. means, density plots)"
DGraham,Participant 12895981,2,15,Results section includes appropriate and accurate inferential statistics (Bayesian ANOVA)
DGraham,Participant 12895981,3,17,Discussion correctly and clearly summarises findings
DGraham,Participant 12895981,3,18,Discussion correctly interprets findings
DGraham,Participant 12895981,3,19,Discussion makes appropriate links to previous literature
DGraham,Participant 12895981,2,20,Discussion provides good considerations of the limitations of the current study
DGraham,Participant 12895981,3,21,"Discussion makes a good, sensible suggestion for future work"
DGraham,Participant 12895981,2,22,Discussion concludes appropriately.
DGraham,Participant 12895981,3,23,Overall clarity of writing
DGraham,Participant 12895981,4,24,Overall quality of grammar and spelling
DGraham,Participant 12895981,4,25,Correct formatting of sections and sub-sections
DGraham,Participant 12895981,3,26,Correct usage of APA-formatted citations and references
DGraham,Participant 12895977,3,1,Abstract is clear and accurate
DGraham,Participant 12895977,3,2,Abstract contains correct information
DGraham,Participant 12895977,2,3,Introduction is clear and accurate
DGraham,Participant 12895977,4,4,Introduction gives big-picture overview
DGraham,Participant 12895977,3,5,Introduction outlines specific research area
DGraham,Participant 12895977,3,6,Introduction gives rationale for current experiment
DGraham,Participant 12895977,3,7,"Participant section is clear, accurate, and contain correct information"
DGraham,Participant 12895977,1,8,Sample sizes are justified through a power calculation
DGraham,Participant 12895977,2,9,"Apparatus and materials sections are clear, accurate, and contain correct information"
DGraham,Participant 12895977,3,10,"Procedure section is clear, accurate, and contain correct information."
DGraham,Participant 12895977,2,11,"Result section is overall clear, accurate, and contain correct information"
DGraham,Participant 12895977,3,12,"Figure(s) are clear and appropriate, lack clutter, and have meaningful axis labels and good font sizes"
DGraham,Participant 12895977,2,13,Figure(s) have an appropriate figure legend that is referred to in the main text.
DGraham,Participant 12895977,2,14,"Results section includes appropriate and accurate summary statistics (e.g. means, density plots)"
DGraham,Participant 12895977,1,15,Results section includes appropriate and accurate inferential statistics (Bayesian ANOVA)
DGraham,Participant 12895977,3,17,Discussion correctly and clearly summarises findings
DGraham,Participant 12895977,3,18,Discussion correctly interprets findings
DGraham,Participant 12895977,3,19,Discussion makes appropriate links to previous literature
DGraham,Participant 12895977,2,20,Discussion provides good considerations of the limitations of the current study
DGraham,Participant 12895977,1,21,"Discussion makes a good, sensible suggestion for future work"
DGraham,Participant 12895977,3,22,Discussion concludes appropriately.
DGraham,Participant 12895977,3,23,Overall clarity of writing
DGraham,Participant 12895977,4,24,Overall quality of grammar and spelling
DGraham,Participant 12895977,4,25,Correct formatting of sections and sub-sections
DGraham,Participant 12895977,4,26,Correct usage of APA-formatted citations and references
DGraham,Participant 12896012,4,1,Abstract is clear and accurate
DGraham,Participant 12896012,4,2,Abstract contains correct information
DGraham,Participant 12896012,3,3,Introduction is clear and accurate
DGraham,Participant 12896012,5,4,Introduction gives big-picture overview
DGraham,Participant 12896012,4,5,Introduction outlines specific research area
DGraham,Participant 12896012,4,6,Introduction gives rationale for current experiment
DGraham,Participant 12896012,3,7,"Participant section is clear, accurate, and contain correct information"
DGraham,Participant 12896012,3,8,Sample sizes are justified through a power calculation
DGraham,Participant 12896012,5,9,"Apparatus and materials sections are clear, accurate, and contain correct information"
DGraham,Participant 12896012,4,10,"Procedure section is clear, accurate, and contain correct information."
DGraham,Participant 12896012,4,11,"Result section is overall clear, accurate, and contain correct information"
DGraham,Participant 12896012,4,12,"Figure(s) are clear and appropriate, lack clutter, and have meaningful axis labels and good font sizes"
DGraham,Participant 12896012,5,13,Figure(s) have an appropriate figure legend that is referred to in the main text.
DGraham,Participant 12896012,5,14,"Results section includes appropriate and accurate summary statistics (e.g. means, density plots)"
DGraham,Participant 12896012,3,15,Results section includes appropriate and accurate inferential statistics (Bayesian ANOVA)
DGraham,Participant 12896012,3,17,Discussion correctly and clearly summarises findings
DGraham,Participant 12896012,4,18,Discussion correctly interprets findings
DGraham,Participant 12896012,3,19,Discussion makes appropriate links to previous literature
DGraham,Participant 12896012,3,20,Discussion provides good considerations of the limitations of the current study
DGraham,Participant 12896012,2,21,"Discussion makes a good, sensible suggestion for future work"
DGraham,Participant 12896012,3,22,Discussion concludes appropriately.
DGraham,Participant 12896012,4,23,Overall clarity of writing
DGraham,Participant 12896012,4,24,Overall quality of grammar and spelling
DGraham,Participant 12896012,3,25,Correct formatting of sections and sub-sections
DGraham,Participant 12896012,4,26,Correct usage of APA-formatted citations and references
DGraham,Participant 12895975,3,1,Abstract is clear and accurate
DGraham,Participant 12895975,3,2,Abstract contains correct information
DGraham,Participant 12895975,3,3,Introduction is clear and accurate
DGraham,Participant 12895975,3,4,Introduction gives big-picture overview
DGraham,Participant 12895975,2,5,Introduction outlines specific research area
DGraham,Participant 12895975,2,6,Introduction gives rationale for current experiment
DGraham,Participant 12895975,3,7,"Participant section is clear, accurate, and contain correct information"
DGraham,Participant 12895975,1,8,Sample sizes are justified through a power calculation
DGraham,Participant 12895975,3,9,"Apparatus and materials sections are clear, accurate, and contain correct information"
DGraham,Participant 12895975,3,10,"Procedure section is clear, accurate, and contain correct information."
DGraham,Participant 12895975,2,11,"Result section is overall clear, accurate, and contain correct information"
DGraham,Participant 12895975,3,12,"Figure(s) are clear and appropriate, lack clutter, and have meaningful axis labels and good font sizes"
DGraham,Participant 12895975,3,13,Figure(s) have an appropriate figure legend that is referred to in the main text.
DGraham,Participant 12895975,2,14,"Results section includes appropriate and accurate summary statistics (e.g. means, density plots)"
DGraham,Participant 12895975,2,15,Results section includes appropriate and accurate inferential statistics (Bayesian ANOVA)
DGraham,Participant 12895975,3,17,Discussion correctly and clearly summarises findings
DGraham,Participant 12895975,3,18,Discussion correctly interprets findings
DGraham,Participant 12895975,4,19,Discussion makes appropriate links to previous literature
DGraham,Participant 12895975,4,20,Discussion provides good considerations of the limitations of the current study
DGraham,Participant 12895975,3,21,"Discussion makes a good, sensible suggestion for future work"
DGraham,Participant 12895975,4,22,Discussion concludes appropriately.
DGraham,Participant 12895975,3,23,Overall clarity of writing
DGraham,Participant 12895975,3,24,Overall quality of grammar and spelling
DGraham,Participant 12895975,5,25,Correct formatting of sections and sub-sections
DGraham,Participant 12895975,4,26,Correct usage of APA-formatted citations and references
DGraham,Participant 12896011,5,1,Abstract is clear and accurate
DGraham,Participant 12896011,5,2,Abstract contains correct information
DGraham,Participant 12896011,4,3,Introduction is clear and accurate
DGraham,Participant 12896011,4,4,Introduction gives big-picture overview
DGraham,Participant 12896011,4,5,Introduction outlines specific research area
DGraham,Participant 12896011,3,6,Introduction gives rationale for current experiment
DGraham,Participant 12896011,3,7,"Participant section is clear, accurate, and contain correct information"
DGraham,Participant 12896011,3,8,Sample sizes are justified through a power calculation
DGraham,Participant 12896011,5,9,"Apparatus and materials sections are clear, accurate, and contain correct information"
DGraham,Participant 12896011,5,10,"Procedure section is clear, accurate, and contain correct information."
DGraham,Participant 12896011,3,11,"Result section is overall clear, accurate, and contain correct information"
DGraham,Participant 12896011,4,12,"Figure(s) are clear and appropriate, lack clutter, and have meaningful axis labels and good font sizes"
DGraham,Participant 12896011,5,13,Figure(s) have an appropriate figure legend that is referred to in the main text.
DGraham,Participant 12896011,4,14,"Results section includes appropriate and accurate summary statistics (e.g. means, density plots)"
DGraham,Participant 12896011,4,15,Results section includes appropriate and accurate inferential statistics (Bayesian ANOVA)
DGraham,Participant 12896011,5,17,Discussion correctly and clearly summarises findings
DGraham,Participant 12896011,4,18,Discussion correctly interprets findings
DGraham,Participant 12896011,5,19,Discussion makes appropriate links to previous literature
DGraham,Participant 12896011,3,20,Discussion provides good considerations of the limitations of the current study
DGraham,Participant 12896011,3,21,"Discussion makes a good, sensible suggestion for future work"
DGraham,Participant 12896011,3,22,Discussion concludes appropriately.
DGraham,Participant 12896011,4,23,Overall clarity of writing
DGraham,Participant 12896011,5,24,Overall quality of grammar and spelling
DGraham,Participant 12896011,5,25,Correct formatting of sections and sub-sections
DGraham,Participant 12896011,3,26,Correct usage of APA-formatted citations and references
DGraham,Participant 12895999,3,1,Abstract is clear and accurate
DGraham,Participant 12895999,3,2,Abstract contains correct information
DGraham,Participant 12895999,3,3,Introduction is clear and accurate
DGraham,Participant 12895999,3,4,Introduction gives big-picture overview
DGraham,Participant 12895999,3,5,Introduction outlines specific research area
DGraham,Participant 12895999,3,6,Introduction gives rationale for current experiment
DGraham,Participant 12895999,4,7,"Participant section is clear, accurate, and contain correct information"
DGraham,Participant 12895999,4,8,Sample sizes are justified through a power calculation
DGraham,Participant 12895999,4,9,"Apparatus and materials sections are clear, accurate, and contain correct information"
DGraham,Participant 12895999,4,10,"Procedure section is clear, accurate, and contain correct information."
DGraham,Participant 12895999,4,11,"Result section is overall clear, accurate, and contain correct information"
DGraham,Participant 12895999,5,12,"Figure(s) are clear and appropriate, lack clutter, and have meaningful axis labels and good font sizes"
DGraham,Participant 12895999,4,13,Figure(s) have an appropriate figure legend that is referred to in the main text.
DGraham,Participant 12895999,5,14,"Results section includes appropriate and accurate summary statistics (e.g. means, density plots)"
DGraham,Participant 12895999,5,15,Results section includes appropriate and accurate inferential statistics (Bayesian ANOVA)
DGraham,Participant 12895999,3,17,Discussion correctly and clearly summarises findings
DGraham,Participant 12895999,4,18,Discussion correctly interprets findings
DGraham,Participant 12895999,4,19,Discussion makes appropriate links to previous literature
DGraham,Participant 12895999,4,20,Discussion provides good considerations of the limitations of the current study
DGraham,Participant 12895999,3,21,"Discussion makes a good, sensible suggestion for future work"
DGraham,Participant 12895999,4,22,Discussion concludes appropriately.
DGraham,Participant 12895999,4,23,Overall clarity of writing
DGraham,Participant 12895999,5,24,Overall quality of grammar and spelling
DGraham,Participant 12895999,4,25,Correct formatting of sections and sub-sections
DGraham,Participant 12895999,4,26,Correct usage of APA-formatted citations and references
DGraham,Participant 12895991,2,1,Abstract is clear and accurate
DGraham,Participant 12895991,3,2,Abstract contains correct information
DGraham,Participant 12895991,2,3,Introduction is clear and accurate
DGraham,Participant 12895991,3,4,Introduction gives big-picture overview
DGraham,Participant 12895991,3,5,Introduction outlines specific research area
DGraham,Participant 12895991,3,6,Introduction gives rationale for current experiment
DGraham,Participant 12895991,3,7,"Participant section is clear, accurate, and contain correct information"
DGraham,Participant 12895991,1,8,Sample sizes are justified through a power calculation
DGraham,Participant 12895991,2,9,"Apparatus and materials sections are clear, accurate, and contain correct information"
DGraham,Participant 12895991,2,10,"Procedure section is clear, accurate, and contain correct information."
DGraham,Participant 12895991,2,11,"Result section is overall clear, accurate, and contain correct information"
DGraham,Participant 12895991,3,12,"Figure(s) are clear and appropriate, lack clutter, and have meaningful axis labels and good font sizes"
DGraham,Participant 12895991,3,13,Figure(s) have an appropriate figure legend that is referred to in the main text.
DGraham,Participant 12895991,1,14,"Results section includes appropriate and accurate summary statistics (e.g. means, density plots)"
DGraham,Participant 12895991,1,15,Results section includes appropriate and accurate inferential statistics (Bayesian ANOVA)
DGraham,Participant 12895991,2,17,Discussion correctly and clearly summarises findings
DGraham,Participant 12895991,1,18,Discussion correctly interprets findings
DGraham,Participant 12895991,1,19,Discussion makes appropriate links to previous literature
DGraham,Participant 12895991,2,20,Discussion provides good considerations of the limitations of the current study
DGraham,Participant 12895991,1,21,"Discussion makes a good, sensible suggestion for future work"
DGraham,Participant 12895991,2,22,Discussion concludes appropriately.
DGraham,Participant 12895991,2,23,Overall clarity of writing
DGraham,Participant 12895991,2,24,Overall quality of grammar and spelling
DGraham,Participant 12895991,2,25,Correct formatting of sections and sub-sections
DGraham,Participant 12895991,3,26,Correct usage of APA-formatted citations and references
DGraham,Participant 12895976,4,1,Abstract is clear and accurate
DGraham,Participant 12895976,3,2,Abstract contains correct information
DGraham,Participant 12895976,3,3,Introduction is clear and accurate
DGraham,Participant 12895976,4,4,Introduction gives big-picture overview
DGraham,Participant 12895976,3,5,Introduction outlines specific research area
DGraham,Participant 12895976,4,6,Introduction gives rationale for current experiment
DGraham,Participant 12895976,4,7,"Participant section is clear, accurate, and contain correct information"
DGraham,Participant 12895976,4,8,Sample sizes are justified through a power calculation
DGraham,Participant 12895976,3,9,"Apparatus and materials sections are clear, accurate, and contain correct information"
DGraham,Participant 12895976,4,10,"Procedure section is clear, accurate, and contain correct information."
DGraham,Participant 12895976,3,11,"Result section is overall clear, accurate, and contain correct information"
DGraham,Participant 12895976,4,12,"Figure(s) are clear and appropriate, lack clutter, and have meaningful axis labels and good font sizes"
DGraham,Participant 12895976,4,13,Figure(s) have an appropriate figure legend that is referred to in the main text.
DGraham,Participant 12895976,3,14,"Results section includes appropriate and accurate summary statistics (e.g. means, density plots)"
DGraham,Participant 12895976,4,15,Results section includes appropriate and accurate inferential statistics (Bayesian ANOVA)
DGraham,Participant 12895976,4,17,Discussion correctly and clearly summarises findings
DGraham,Participant 12895976,3,18,Discussion correctly interprets findings
DGraham,Participant 12895976,3,19,Discussion makes appropriate links to previous literature
DGraham,Participant 12895976,4,20,Discussion provides good considerations of the limitations of the current study
DGraham,Participant 12895976,3,21,"Discussion makes a good, sensible suggestion for future work"
DGraham,Participant 12895976,4,22,Discussion concludes appropriately.
DGraham,Participant 12895976,4,23,Overall clarity of writing
DGraham,Participant 12895976,4,24,Overall quality of grammar and spelling
DGraham,Participant 12895976,5,25,Correct formatting of sections and sub-sections
DGraham,Participant 12895976,4,26,Correct usage of APA-formatted citations and references
DGraham,Participant 12896016,3,1,Abstract is clear and accurate
DGraham,Participant 12896016,3,2,Abstract contains correct information
DGraham,Participant 12896016,2,3,Introduction is clear and accurate
DGraham,Participant 12896016,3,4,Introduction gives big-picture overview
DGraham,Participant 12896016,2,5,Introduction outlines specific research area
DGraham,Participant 12896016,2,6,Introduction gives rationale for current experiment
DGraham,Participant 12896016,3,7,"Participant section is clear, accurate, and contain correct information"
DGraham,Participant 12896016,1,8,Sample sizes are justified through a power calculation
DGraham,Participant 12896016,3,9,"Apparatus and materials sections are clear, accurate, and contain correct information"
DGraham,Participant 12896016,2,10,"Procedure section is clear, accurate, and contain correct information."
DGraham,Participant 12896016,3,11,"Result section is overall clear, accurate, and contain correct information"
DGraham,Participant 12896016,2,12,"Figure(s) are clear and appropriate, lack clutter, and have meaningful axis labels and good font sizes"
DGraham,Participant 12896016,3,13,Figure(s) have an appropriate figure legend that is referred to in the main text.
DGraham,Participant 12896016,2,14,"Results section includes appropriate and accurate summary statistics (e.g. means, density plots)"
DGraham,Participant 12896016,3,15,Results section includes appropriate and accurate inferential statistics (Bayesian ANOVA)
DGraham,Participant 12896016,4,17,Discussion correctly and clearly summarises findings
DGraham,Participant 12896016,3,18,Discussion correctly interprets findings
DGraham,Participant 12896016,3,19,Discussion makes appropriate links to previous literature
DGraham,Participant 12896016,3,20,Discussion provides good considerations of the limitations of the current study
DGraham,Participant 12896016,2,21,"Discussion makes a good, sensible suggestion for future work"
DGraham,Participant 12896016,3,22,Discussion concludes appropriately.
DGraham,Participant 12896016,3,23,Overall clarity of writing
DGraham,Participant 12896016,4,24,Overall quality of grammar and spelling
DGraham,Participant 12896016,3,25,Correct formatting of sections and sub-sections
DGraham,Participant 12896016,4,26,Correct usage of APA-formatted citations and references
DGraham,Participant 12895983,2,1,Abstract is clear and accurate
DGraham,Participant 12895983,3,2,Abstract contains correct information
DGraham,Participant 12895983,2,3,Introduction is clear and accurate
DGraham,Participant 12895983,3,4,Introduction gives big-picture overview
DGraham,Participant 12895983,2,5,Introduction outlines specific research area
DGraham,Participant 12895983,2,6,Introduction gives rationale for current experiment
DGraham,Participant 12895983,3,7,"Participant section is clear, accurate, and contain correct information"
DGraham,Participant 12895983,1,8,Sample sizes are justified through a power calculation
DGraham,Participant 12895983,2,9,"Apparatus and materials sections are clear, accurate, and contain correct information"
DGraham,Participant 12895983,2,10,"Procedure section is clear, accurate, and contain correct information."
DGraham,Participant 12895983,2,11,"Result section is overall clear, accurate, and contain correct information"
DGraham,Participant 12895983,4,12,"Figure(s) are clear and appropriate, lack clutter, and have meaningful axis labels and good font sizes"
DGraham,Participant 12895983,3,13,Figure(s) have an appropriate figure legend that is referred to in the main text.
DGraham,Participant 12895983,2,14,"Results section includes appropriate and accurate summary statistics (e.g. means, density plots)"
DGraham,Participant 12895983,3,15,Results section includes appropriate and accurate inferential statistics (Bayesian ANOVA)
DGraham,Participant 12895983,3,17,Discussion correctly and clearly summarises findings
DGraham,Participant 12895983,3,18,Discussion correctly interprets findings
DGraham,Participant 12895983,2,19,Discussion makes appropriate links to previous literature
DGraham,Participant 12895983,2,20,Discussion provides good considerations of the limitations of the current study
DGraham,Participant 12895983,2,21,"Discussion makes a good, sensible suggestion for future work"
DGraham,Participant 12895983,3,22,Discussion concludes appropriately.
DGraham,Participant 12895983,3,23,Overall clarity of writing
DGraham,Participant 12895983,3,24,Overall quality of grammar and spelling
DGraham,Participant 12895983,2,25,Correct formatting of sections and sub-sections
DGraham,Participant 12895983,3,26,Correct usage of APA-formatted citations and references
DGraham,Participant 12895989,3,1,Abstract is clear and accurate
DGraham,Participant 12895989,3,2,Abstract contains correct information
DGraham,Participant 12895989,3,3,Introduction is clear and accurate
DGraham,Participant 12895989,3,4,Introduction gives big-picture overview
DGraham,Participant 12895989,3,5,Introduction outlines specific research area
DGraham,Participant 12895989,3,6,Introduction gives rationale for current experiment
DGraham,Participant 12895989,3,7,"Participant section is clear, accurate, and contain correct information"
DGraham,Participant 12895989,1,8,Sample sizes are justified through a power calculation
DGraham,Participant 12895989,3,9,"Apparatus and materials sections are clear, accurate, and contain correct information"
DGraham,Participant 12895989,3,10,"Procedure section is clear, accurate, and contain correct information."
DGraham,Participant 12895989,2,11,"Result section is overall clear, accurate, and contain correct information"
DGraham,Participant 12895989,3,12,"Figure(s) are clear and appropriate, lack clutter, and have meaningful axis labels and good font sizes"
DGraham,Participant 12895989,4,13,Figure(s) have an appropriate figure legend that is referred to in the main text.
DGraham,Participant 12895989,2,14,"Results section includes appropriate and accurate summary statistics (e.g. means, density plots)"
DGraham,Participant 12895989,2,15,Results section includes appropriate and accurate inferential statistics (Bayesian ANOVA)
DGraham,Participant 12895989,3,17,Discussion correctly and clearly summarises findings
DGraham,Participant 12895989,3,18,Discussion correctly interprets findings
DGraham,Participant 12895989,4,19,Discussion makes appropriate links to previous literature
DGraham,Participant 12895989,2,20,Discussion provides good considerations of the limitations of the current study
DGraham,Participant 12895989,2,21,"Discussion makes a good, sensible suggestion for future work"
DGraham,Participant 12895989,3,22,Discussion concludes appropriately.
DGraham,Participant 12895989,3,23,Overall clarity of writing
DGraham,Participant 12895989,3,24,Overall quality of grammar and spelling
DGraham,Participant 12895989,2,25,Correct formatting of sections and sub-sections
DGraham,Participant 12895989,4,26,Correct usage of APA-formatted citations and references
DGraham,Participant 12895990,3,1,Abstract is clear and accurate
DGraham,Participant 12895990,3,2,Abstract contains correct information
DGraham,Participant 12895990,2,3,Introduction is clear and accurate
DGraham,Participant 12895990,4,4,Introduction gives big-picture overview
DGraham,Participant 12895990,3,5,Introduction outlines specific research area
DGraham,Participant 12895990,2,6,Introduction gives rationale for current experiment
DGraham,Participant 12895990,4,7,"Participant section is clear, accurate, and contain correct information"
DGraham,Participant 12895990,1,8,Sample sizes are justified through a power calculation
DGraham,Participant 12895990,3,9,"Apparatus and materials sections are clear, accurate, and contain correct information"
DGraham,Participant 12895990,2,10,"Procedure section is clear, accurate, and contain correct information."
DGraham,Participant 12895990,3,11,"Result section is overall clear, accurate, and contain correct information"
DGraham,Participant 12895990,3,12,"Figure(s) are clear and appropriate, lack clutter, and have meaningful axis labels and good font sizes"
DGraham,Participant 12895990,3,13,Figure(s) have an appropriate figure legend that is referred to in the main text.
DGraham,Participant 12895990,2,14,"Results section includes appropriate and accurate summary statistics (e.g. means, density plots)"
DGraham,Participant 12895990,2,15,Results section includes appropriate and accurate inferential statistics (Bayesian ANOVA)
DGraham,Participant 12895990,3,17,Discussion correctly and clearly summarises findings
DGraham,Participant 12895990,2,18,Discussion correctly interprets findings
DGraham,Participant 12895990,2,19,Discussion makes appropriate links to previous literature
DGraham,Participant 12895990,2,20,Discussion provides good considerations of the limitations of the current study
DGraham,Participant 12895990,2,21,"Discussion makes a good, sensible suggestion for future work"
DGraham,Participant 12895990,3,22,Discussion concludes appropriately.
DGraham,Participant 12895990,3,23,Overall clarity of writing
DGraham,Participant 12895990,4,24,Overall quality of grammar and spelling
DGraham,Participant 12895990,2,25,Correct formatting of sections and sub-sections
DGraham,Participant 12895990,4,26,Correct usage of APA-formatted citations and references
DGraham,Participant 12896019,4,1,Abstract is clear and accurate
DGraham,Participant 12896019,4,2,Abstract contains correct information
DGraham,Participant 12896019,4,3,Introduction is clear and accurate
DGraham,Participant 12896019,4,4,Introduction gives big-picture overview
DGraham,Participant 12896019,3,5,Introduction outlines specific research area
DGraham,Participant 12896019,4,6,Introduction gives rationale for current experiment
DGraham,Participant 12896019,4,7,"Participant section is clear, accurate, and contain correct information"
DGraham,Participant 12896019,5,8,Sample sizes are justified through a power calculation
DGraham,Participant 12896019,3,9,"Apparatus and materials sections are clear, accurate, and contain correct information"
DGraham,Participant 12896019,4,10,"Procedure section is clear, accurate, and contain correct information."
DGraham,Participant 12896019,4,11,"Result section is overall clear, accurate, and contain correct information"
DGraham,Participant 12896019,4,12,"Figure(s) are clear and appropriate, lack clutter, and have meaningful axis labels and good font sizes"
DGraham,Participant 12896019,4,13,Figure(s) have an appropriate figure legend that is referred to in the main text.
DGraham,Participant 12896019,5,14,"Results section includes appropriate and accurate summary statistics (e.g. means, density plots)"
DGraham,Participant 12896019,5,15,Results section includes appropriate and accurate inferential statistics (Bayesian ANOVA)
DGraham,Participant 12896019,4,17,Discussion correctly and clearly summarises findings
DGraham,Participant 12896019,3,18,Discussion correctly interprets findings
DGraham,Participant 12896019,3,19,Discussion makes appropriate links to previous literature
DGraham,Participant 12896019,4,20,Discussion provides good considerations of the limitations of the current study
DGraham,Participant 12896019,3,21,"Discussion makes a good, sensible suggestion for future work"
DGraham,Participant 12896019,4,22,Discussion concludes appropriately.
DGraham,Participant 12896019,4,23,Overall clarity of writing
DGraham,Participant 12896019,5,24,Overall quality of grammar and spelling
DGraham,Participant 12896019,5,25,Correct formatting of sections and sub-sections
DGraham,Participant 12896019,4,26,Correct usage of APA-formatted citations and references
JSolomon,Participant 12895980,3,1,Abstract is clear and accurate
JSolomon,Participant 12895980,4,2,Abstract contains correct information
JSolomon,Participant 12895980,3,3,Introduction is clear and accurate
JSolomon,Participant 12895980,3,4,Introduction gives big-picture overview
JSolomon,Participant 12895980,5,5,Introduction outlines specific research area
JSolomon,Participant 12895980,3,6,Introduction gives rationale for current experiment
JSolomon,Participant 12895980,5,7,"Participant section is clear, accurate, and contain correct information"
JSolomon,Participant 12895980,5,8,Sample sizes are justified through a power calculation
JSolomon,Participant 12895980,3,9,"Apparatus and materials sections are clear, accurate, and contain correct information"
JSolomon,Participant 12895980,4,10,"Procedure section is clear, accurate, and contain correct information."
JSolomon,Participant 12895980,3,11,"Result section is overall clear, accurate, and contain correct information"
JSolomon,Participant 12895980,5,12,"Figure(s) are clear and appropriate, lack clutter, and have meaningful axis labels and good font sizes"
JSolomon,Participant 12895980,5,13,Figure(s) have an appropriate figure legend that is referred to in the main text.
JSolomon,Participant 12895980,5,14,"Results section includes appropriate and accurate summary statistics (e.g. means, density plots)"
JSolomon,Participant 12895980,1,15,Results section includes appropriate and accurate inferential statistics (Bayesian ANOVA)
JSolomon,Participant 12895980,2,17,Discussion correctly and clearly summarises findings
JSolomon,Participant 12895980,3,18,Discussion correctly interprets findings
JSolomon,Participant 12895980,4,19,Discussion makes appropriate links to previous literature
JSolomon,Participant 12895980,4,20,Discussion provides good considerations of the limitations of the current study
JSolomon,Participant 12895980,1,21,"Discussion makes a good, sensible suggestion for future work"
JSolomon,Participant 12895980,3,22,Discussion concludes appropriately.
JSolomon,Participant 12895980,3,23,Overall clarity of writing
JSolomon,Participant 12895980,3,24,Overall quality of grammar and spelling
JSolomon,Participant 12895980,2,25,Correct formatting of sections and sub-sections
JSolomon,Participant 12895980,2,26,Correct usage of APA-formatted citations and references
JSolomon,Participant 12895986,3,1,Abstract is clear and accurate
JSolomon,Participant 12895986,3,2,Abstract contains correct information
JSolomon,Participant 12895986,3,3,Introduction is clear and accurate
JSolomon,Participant 12895986,4,4,Introduction gives big-picture overview
JSolomon,Participant 12895986,4,5,Introduction outlines specific research area
JSolomon,Participant 12895986,4,6,Introduction gives rationale for current experiment
JSolomon,Participant 12895986,4,7,"Participant section is clear, accurate, and contain correct information"
JSolomon,Participant 12895986,5,8,Sample sizes are justified through a power calculation
JSolomon,Participant 12895986,4,9,"Apparatus and materials sections are clear, accurate, and contain correct information"
JSolomon,Participant 12895986,4,10,"Procedure section is clear, accurate, and contain correct information."
JSolomon,Participant 12895986,3,11,"Result section is overall clear, accurate, and contain correct information"
JSolomon,Participant 12895986,4,12,"Figure(s) are clear and appropriate, lack clutter, and have meaningful axis labels and good font sizes"
JSolomon,Participant 12895986,4,13,Figure(s) have an appropriate figure legend that is referred to in the main text.
JSolomon,Participant 12895986,5,14,"Results section includes appropriate and accurate summary statistics (e.g. means, density plots)"
JSolomon,Participant 12895986,2,15,Results section includes appropriate and accurate inferential statistics (Bayesian ANOVA)
JSolomon,Participant 12895986,2,17,Discussion correctly and clearly summarises findings
JSolomon,Participant 12895986,2,18,Discussion correctly interprets findings
JSolomon,Participant 12895986,3,19,Discussion makes appropriate links to previous literature
JSolomon,Participant 12895986,2,20,Discussion provides good considerations of the limitations of the current study
JSolomon,Participant 12895986,2,21,"Discussion makes a good, sensible suggestion for future work"
JSolomon,Participant 12895986,2,22,Discussion concludes appropriately.
JSolomon,Participant 12895986,2,23,Overall clarity of writing
JSolomon,Participant 12895986,4,24,Overall quality of grammar and spelling
JSolomon,Participant 12895986,5,25,Correct formatting of sections and sub-sections
JSolomon,Participant 12895986,4,26,Correct usage of APA-formatted citations and references
JSolomon,Participant 12895995,3,1,Abstract is clear and accurate
JSolomon,Participant 12895995,3,2,Abstract contains correct information
JSolomon,Participant 12895995,2,3,Introduction is clear and accurate
JSolomon,Participant 12895995,2,4,Introduction gives big-picture overview
JSolomon,Participant 12895995,2,5,Introduction outlines specific research area
JSolomon,Participant 12895995,2,6,Introduction gives rationale for current experiment
JSolomon,Participant 12895995,2,7,"Participant section is clear, accurate, and contain correct information"
JSolomon,Participant 12895995,3,8,Sample sizes are justified through a power calculation
JSolomon,Participant 12895995,4,9,"Apparatus and materials sections are clear, accurate, and contain correct information"
JSolomon,Participant 12895995,3,10,"Procedure section is clear, accurate, and contain correct information."
JSolomon,Participant 12895995,4,11,"Result section is overall clear, accurate, and contain correct information"
JSolomon,Participant 12895995,5,12,"Figure(s) are clear and appropriate, lack clutter, and have meaningful axis labels and good font sizes"
JSolomon,Participant 12895995,5,13,Figure(s) have an appropriate figure legend that is referred to in the main text.
JSolomon,Participant 12895995,5,14,"Results section includes appropriate and accurate summary statistics (e.g. means, density plots)"
JSolomon,Participant 12895995,4,15,Results section includes appropriate and accurate inferential statistics (Bayesian ANOVA)
JSolomon,Participant 12895995,3,17,Discussion correctly and clearly summarises findings
JSolomon,Participant 12895995,2,18,Discussion correctly interprets findings
JSolomon,Participant 12895995,2,19,Discussion makes appropriate links to previous literature
JSolomon,Participant 12895995,2,20,Discussion provides good considerations of the limitations of the current study
JSolomon,Participant 12895995,1,21,"Discussion makes a good, sensible suggestion for future work"
JSolomon,Participant 12895995,2,22,Discussion concludes appropriately.
JSolomon,Participant 12895995,2,23,Overall clarity of writing
JSolomon,Participant 12895995,2,24,Overall quality of grammar and spelling
JSolomon,Participant 12895995,4,25,Correct formatting of sections and sub-sections
JSolomon,Participant 12895995,3,26,Correct usage of APA-formatted citations and references
JSolomon,Participant 12896017,5,1,Abstract is clear and accurate
JSolomon,Participant 12896017,4,2,Abstract contains correct information
JSolomon,Participant 12896017,5,3,Introduction is clear and accurate
JSolomon,Participant 12896017,4,4,Introduction gives big-picture overview
JSolomon,Participant 12896017,5,5,Introduction outlines specific research area
JSolomon,Participant 12896017,5,6,Introduction gives rationale for current experiment
JSolomon,Participant 12896017,5,7,"Participant section is clear, accurate, and contain correct information"
JSolomon,Participant 12896017,5,8,Sample sizes are justified through a power calculation
JSolomon,Participant 12896017,5,9,"Apparatus and materials sections are clear, accurate, and contain correct information"
JSolomon,Participant 12896017,5,10,"Procedure section is clear, accurate, and contain correct information."
JSolomon,Participant 12896017,3,11,"Result section is overall clear, accurate, and contain correct information"
JSolomon,Participant 12896017,5,12,"Figure(s) are clear and appropriate, lack clutter, and have meaningful axis labels and good font sizes"
JSolomon,Participant 12896017,5,13,Figure(s) have an appropriate figure legend that is referred to in the main text.
JSolomon,Participant 12896017,5,14,"Results section includes appropriate and accurate summary statistics (e.g. means, density plots)"
JSolomon,Participant 12896017,4,15,Results section includes appropriate and accurate inferential statistics (Bayesian ANOVA)
JSolomon,Participant 12896017,4,17,Discussion correctly and clearly summarises findings
JSolomon,Participant 12896017,3,18,Discussion correctly interprets findings
JSolomon,Participant 12896017,5,19,Discussion makes appropriate links to previous literature
JSolomon,Participant 12896017,3,20,Discussion provides good considerations of the limitations of the current study
JSolomon,Participant 12896017,3,21,"Discussion makes a good, sensible suggestion for future work"
JSolomon,Participant 12896017,3,22,Discussion concludes appropriately.
JSolomon,Participant 12896017,4,23,Overall clarity of writing
JSolomon,Participant 12896017,5,24,Overall quality of grammar and spelling
JSolomon,Participant 12896017,5,25,Correct formatting of sections and sub-sections
JSolomon,Participant 12896017,3,26,Correct usage of APA-formatted citations and references
JSolomon,Participant 12896018,4,1,Abstract is clear and accurate
JSolomon,Participant 12896018,4,2,Abstract contains correct information
JSolomon,Participant 12896018,4,3,Introduction is clear and accurate
JSolomon,Participant 12896018,4,4,Introduction gives big-picture overview
JSolomon,Participant 12896018,4,5,Introduction outlines specific research area
JSolomon,Participant 12896018,5,6,Introduction gives rationale for current experiment
JSolomon,Participant 12896018,5,7,"Participant section is clear, accurate, and contain correct information"
JSolomon,Participant 12896018,5,8,Sample sizes are justified through a power calculation
JSolomon,Participant 12896018,3,9,"Apparatus and materials sections are clear, accurate, and contain correct information"
JSolomon,Participant 12896018,4,10,"Procedure section is clear, accurate, and contain correct information."
JSolomon,Participant 12896018,4,11,"Result section is overall clear, accurate, and contain correct information"
JSolomon,Participant 12896018,5,12,"Figure(s) are clear and appropriate, lack clutter, and have meaningful axis labels and good font sizes"
JSolomon,Participant 12896018,3,13,Figure(s) have an appropriate figure legend that is referred to in the main text.
JSolomon,Participant 12896018,5,14,"Results section includes appropriate and accurate summary statistics (e.g. means, density plots)"
JSolomon,Participant 12896018,4,15,Results section includes appropriate and accurate inferential statistics (Bayesian ANOVA)
JSolomon,Participant 12896018,2,17,Discussion correctly and clearly summarises findings
JSolomon,Participant 12896018,3,18,Discussion correctly interprets findings
JSolomon,Participant 12896018,4,19,Discussion makes appropriate links to previous literature
JSolomon,Participant 12896018,3,20,Discussion provides good considerations of the limitations of the current study
JSolomon,Participant 12896018,3,21,"Discussion makes a good, sensible suggestion for future work"
JSolomon,Participant 12896018,3,22,Discussion concludes appropriately.
JSolomon,Participant 12896018,3,23,Overall clarity of writing
JSolomon,Participant 12896018,4,24,Overall quality of grammar and spelling
JSolomon,Participant 12896018,5,25,Correct formatting of sections and sub-sections
JSolomon,Participant 12896018,4,26,Correct usage of APA-formatted citations and references
JSolomon,Participant 12896022,5,1,Abstract is clear and accurate
JSolomon,Participant 12896022,4,2,Abstract contains correct information
JSolomon,Participant 12896022,4,3,Introduction is clear and accurate
JSolomon,Participant 12896022,4,4,Introduction gives big-picture overview
JSolomon,Participant 12896022,5,5,Introduction outlines specific research area
JSolomon,Participant 12896022,5,6,Introduction gives rationale for current experiment
JSolomon,Participant 12896022,4,7,"Participant section is clear, accurate, and contain correct information"
JSolomon,Participant 12896022,5,8,Sample sizes are justified through a power calculation
JSolomon,Participant 12896022,4,9,"Apparatus and materials sections are clear, accurate, and contain correct information"
JSolomon,Participant 12896022,5,10,"Procedure section is clear, accurate, and contain correct information."
JSolomon,Participant 12896022,5,11,"Result section is overall clear, accurate, and contain correct information"
JSolomon,Participant 12896022,5,12,"Figure(s) are clear and appropriate, lack clutter, and have meaningful axis labels and good font sizes"
JSolomon,Participant 12896022,5,13,Figure(s) have an appropriate figure legend that is referred to in the main text.
JSolomon,Participant 12896022,5,14,"Results section includes appropriate and accurate summary statistics (e.g. means, density plots)"
JSolomon,Participant 12896022,5,15,Results section includes appropriate and accurate inferential statistics (Bayesian ANOVA)
JSolomon,Participant 12896022,5,17,Discussion correctly and clearly summarises findings
JSolomon,Participant 12896022,5,18,Discussion correctly interprets findings
JSolomon,Participant 12896022,4,19,Discussion makes appropriate links to previous literature
JSolomon,Participant 12896022,4,20,Discussion provides good considerations of the limitations of the current study
JSolomon,Participant 12896022,3,21,"Discussion makes a good, sensible suggestion for future work"
JSolomon,Participant 12896022,4,22,Discussion concludes appropriately.
JSolomon,Participant 12896022,5,23,Overall clarity of writing
JSolomon,Participant 12896022,5,24,Overall quality of grammar and spelling
JSolomon,Participant 12896022,5,25,Correct formatting of sections and sub-sections
JSolomon,Participant 12896022,5,26,Correct usage of APA-formatted citations and references
SDordoy,Participant 12895997,3,1,Abstract is clear and accurate
SDordoy,Participant 12895997,3,2,Abstract contains correct information
SDordoy,Participant 12895997,4,3,Introduction is clear and accurate
SDordoy,Participant 12895997,3,4,Introduction gives big-picture overview
SDordoy,Participant 12895997,2,5,Introduction outlines specific research area
SDordoy,Participant 12895997,2,6,Introduction gives rationale for current experiment
SDordoy,Participant 12895997,4,7,"Participant section is clear, accurate, and contain correct information"
SDordoy,Participant 12895997,2,8,Sample sizes are justified through a power calculation
SDordoy,Participant 12895997,5,9,"Apparatus and materials sections are clear, accurate, and contain correct information"
SDordoy,Participant 12895997,4,10,"Procedure section is clear, accurate, and contain correct information."
SDordoy,Participant 12895997,3,11,"Result section is overall clear, accurate, and contain correct information"
SDordoy,Participant 12895997,5,12,"Figure(s) are clear and appropriate, lack clutter, and have meaningful axis labels and good font sizes"
SDordoy,Participant 12895997,5,13,Figure(s) have an appropriate figure legend that is referred to in the main text.
SDordoy,Participant 12895997,5,14,"Results section includes appropriate and accurate summary statistics (e.g. means, density plots)"
SDordoy,Participant 12895997,2,15,Results section includes appropriate and accurate inferential statistics (Bayesian ANOVA)
SDordoy,Participant 12895997,5,17,Discussion correctly and clearly summarises findings
SDordoy,Participant 12895997,5,18,Discussion correctly interprets findings
SDordoy,Participant 12895997,3,19,Discussion makes appropriate links to previous literature
SDordoy,Participant 12895997,5,20,Discussion provides good considerations of the limitations of the current study
SDordoy,Participant 12895997,3,21,"Discussion makes a good, sensible suggestion for future work"
SDordoy,Participant 12895997,3,22,Discussion concludes appropriately.
SDordoy,Participant 12895997,4,23,Overall clarity of writing
SDordoy,Participant 12895997,4,24,Overall quality of grammar and spelling
SDordoy,Participant 12895997,5,25,Correct formatting of sections and sub-sections
SDordoy,Participant 12895997,3,26,Correct usage of APA-formatted citations and references
SDordoy,Participant 12896002,3,1,Abstract is clear and accurate
SDordoy,Participant 12896002,3,2,Abstract contains correct information
SDordoy,Participant 12896002,4,3,Introduction is clear and accurate
SDordoy,Participant 12896002,4,4,Introduction gives big-picture overview
SDordoy,Participant 12896002,3,5,Introduction outlines specific research area
SDordoy,Participant 12896002,2,6,Introduction gives rationale for current experiment
SDordoy,Participant 12896002,4,7,"Participant section is clear, accurate, and contain correct information"
SDordoy,Participant 12896002,4,8,Sample sizes are justified through a power calculation
SDordoy,Participant 12896002,5,9,"Apparatus and materials sections are clear, accurate, and contain correct information"
SDordoy,Participant 12896002,4,10,"Procedure section is clear, accurate, and contain correct information."
SDordoy,Participant 12896002,5,11,"Result section is overall clear, accurate, and contain correct information"
SDordoy,Participant 12896002,5,12,"Figure(s) are clear and appropriate, lack clutter, and have meaningful axis labels and good font sizes"
SDordoy,Participant 12896002,4,13,Figure(s) have an appropriate figure legend that is referred to in the main text.
SDordoy,Participant 12896002,4,14,"Results section includes appropriate and accurate summary statistics (e.g. means, density plots)"
SDordoy,Participant 12896002,4,15,Results section includes appropriate and accurate inferential statistics (Bayesian ANOVA)
SDordoy,Participant 12896002,2,17,Discussion correctly and clearly summarises findings
SDordoy,Participant 12896002,2,18,Discussion correctly interprets findings
SDordoy,Participant 12896002,3,19,Discussion makes appropriate links to previous literature
SDordoy,Participant 12896002,3,20,Discussion provides good considerations of the limitations of the current study
SDordoy,Participant 12896002,2,21,"Discussion makes a good, sensible suggestion for future work"
SDordoy,Participant 12896002,3,22,Discussion concludes appropriately.
SDordoy,Participant 12896002,4,23,Overall clarity of writing
SDordoy,Participant 12896002,5,24,Overall quality of grammar and spelling
SDordoy,Participant 12896002,4,25,Correct formatting of sections and sub-sections
SDordoy,Participant 12896002,4,26,Correct usage of APA-formatted citations and references
SDordoy,Participant 12896013,3,1,Abstract is clear and accurate
SDordoy,Participant 12896013,3,2,Abstract contains correct information
SDordoy,Participant 12896013,4,3,Introduction is clear and accurate
SDordoy,Participant 12896013,3,4,Introduction gives big-picture overview
SDordoy,Participant 12896013,3,5,Introduction outlines specific research area
SDordoy,Participant 12896013,2,6,Introduction gives rationale for current experiment
SDordoy,Participant 12896013,5,7,"Participant section is clear, accurate, and contain correct information"
SDordoy,Participant 12896013,3,8,Sample sizes are justified through a power calculation
SDordoy,Participant 12896013,5,9,"Apparatus and materials sections are clear, accurate, and contain correct information"
SDordoy,Participant 12896013,4,10,"Procedure section is clear, accurate, and contain correct information."
SDordoy,Participant 12896013,4,11,"Result section is overall clear, accurate, and contain correct information"
SDordoy,Participant 12896013,5,12,"Figure(s) are clear and appropriate, lack clutter, and have meaningful axis labels and good font sizes"
SDordoy,Participant 12896013,4,13,Figure(s) have an appropriate figure legend that is referred to in the main text.
SDordoy,Participant 12896013,5,14,"Results section includes appropriate and accurate summary statistics (e.g. means, density plots)"
SDordoy,Participant 12896013,5,15,Results section includes appropriate and accurate inferential statistics (Bayesian ANOVA)
SDordoy,Participant 12896013,4,17,Discussion correctly and clearly summarises findings
SDordoy,Participant 12896013,4,18,Discussion correctly interprets findings
SDordoy,Participant 12896013,5,19,Discussion makes appropriate links to previous literature
SDordoy,Participant 12896013,5,20,Discussion provides good considerations of the limitations of the current study
SDordoy,Participant 12896013,5,21,"Discussion makes a good, sensible suggestion for future work"
SDordoy,Participant 12896013,4,22,Discussion concludes appropriately.
SDordoy,Participant 12896013,4,23,Overall clarity of writing
SDordoy,Participant 12896013,5,24,Overall quality of grammar and spelling
SDordoy,Participant 12896013,5,25,Correct formatting of sections and sub-sections
SDordoy,Participant 12896013,5,26,Correct usage of APA-formatted citations and references
SDordoy,Participant 12896005,5,1,Abstract is clear and accurate
SDordoy,Participant 12896005,4,2,Abstract contains correct information
SDordoy,Participant 12896005,5,3,Introduction is clear and accurate
SDordoy,Participant 12896005,5,4,Introduction gives big-picture overview
SDordoy,Participant 12896005,5,5,Introduction outlines specific research area
SDordoy,Participant 12896005,4,6,Introduction gives rationale for current experiment
SDordoy,Participant 12896005,5,7,"Participant section is clear, accurate, and contain correct information"
SDordoy,Participant 12896005,5,8,Sample sizes are justified through a power calculation
SDordoy,Participant 12896005,5,9,"Apparatus and materials sections are clear, accurate, and contain correct information"
SDordoy,Participant 12896005,5,10,"Procedure section is clear, accurate, and contain correct information."
SDordoy,Participant 12896005,5,11,"Result section is overall clear, accurate, and contain correct information"
SDordoy,Participant 12896005,5,12,"Figure(s) are clear and appropriate, lack clutter, and have meaningful axis labels and good font sizes"
SDordoy,Participant 12896005,5,13,Figure(s) have an appropriate figure legend that is referred to in the main text.
SDordoy,Participant 12896005,5,14,"Results section includes appropriate and accurate summary statistics (e.g. means, density plots)"
SDordoy,Participant 12896005,5,15,Results section includes appropriate and accurate inferential statistics (Bayesian ANOVA)
SDordoy,Participant 12896005,5,17,Discussion correctly and clearly summarises findings
SDordoy,Participant 12896005,5,18,Discussion correctly interprets findings
SDordoy,Participant 12896005,5,19,Discussion makes appropriate links to previous literature
SDordoy,Participant 12896005,4,20,Discussion provides good considerations of the limitations of the current study
SDordoy,Participant 12896005,4,21,"Discussion makes a good, sensible suggestion for future work"
SDordoy,Participant 12896005,5,22,Discussion concludes appropriately.
SDordoy,Participant 12896005,5,23,Overall clarity of writing
SDordoy,Participant 12896005,5,24,Overall quality of grammar and spelling
SDordoy,Participant 12896005,5,25,Correct formatting of sections and sub-sections
SDordoy,Participant 12896005,4,26,Correct usage of APA-formatted citations and references
SDordoy,Participant 12895998,4,1,Abstract is clear and accurate
SDordoy,Participant 12895998,3,2,Abstract contains correct information
SDordoy,Participant 12895998,5,3,Introduction is clear and accurate
SDordoy,Participant 12895998,5,4,Introduction gives big-picture overview
SDordoy,Participant 12895998,4,5,Introduction outlines specific research area
SDordoy,Participant 12895998,4,6,Introduction gives rationale for current experiment
SDordoy,Participant 12895998,5,7,"Participant section is clear, accurate, and contain correct information"
SDordoy,Participant 12895998,2,8,Sample sizes are justified through a power calculation
SDordoy,Participant 12895998,5,9,"Apparatus and materials sections are clear, accurate, and contain correct information"
SDordoy,Participant 12895998,4,10,"Procedure section is clear, accurate, and contain correct information."
SDordoy,Participant 12895998,4,11,"Result section is overall clear, accurate, and contain correct information"
SDordoy,Participant 12895998,5,12,"Figure(s) are clear and appropriate, lack clutter, and have meaningful axis labels and good font sizes"
SDordoy,Participant 12895998,5,13,Figure(s) have an appropriate figure legend that is referred to in the main text.
SDordoy,Participant 12895998,5,14,"Results section includes appropriate and accurate summary statistics (e.g. means, density plots)"
SDordoy,Participant 12895998,4,15,Results section includes appropriate and accurate inferential statistics (Bayesian ANOVA)
SDordoy,Participant 12895998,3,17,Discussion correctly and clearly summarises findings
SDordoy,Participant 12895998,4,18,Discussion correctly interprets findings
SDordoy,Participant 12895998,5,19,Discussion makes appropriate links to previous literature
SDordoy,Participant 12895998,5,20,Discussion provides good considerations of the limitations of the current study
SDordoy,Participant 12895998,4,21,"Discussion makes a good, sensible suggestion for future work"
SDordoy,Participant 12895998,4,22,Discussion concludes appropriately.
SDordoy,Participant 12895998,4,23,Overall clarity of writing
SDordoy,Participant 12895998,4,24,Overall quality of grammar and spelling
SDordoy,Participant 12895998,4,25,Correct formatting of sections and sub-sections
SDordoy,Participant 12895998,4,26,Correct usage of APA-formatted citations and references
SDordoy,Participant 12896006,3,1,Abstract is clear and accurate
SDordoy,Participant 12896006,3,2,Abstract contains correct information
SDordoy,Participant 12896006,3,3,Introduction is clear and accurate
SDordoy,Participant 12896006,2,4,Introduction gives big-picture overview
SDordoy,Participant 12896006,2,5,Introduction outlines specific research area
SDordoy,Participant 12896006,2,6,Introduction gives rationale for current experiment
SDordoy,Participant 12896006,4,7,"Participant section is clear, accurate, and contain correct information"
SDordoy,Participant 12896006,2,8,Sample sizes are justified through a power calculation
SDordoy,Participant 12896006,5,9,"Apparatus and materials sections are clear, accurate, and contain correct information"
SDordoy,Participant 12896006,5,10,"Procedure section is clear, accurate, and contain correct information."
SDordoy,Participant 12896006,3,11,"Result section is overall clear, accurate, and contain correct information"
SDordoy,Participant 12896006,5,12,"Figure(s) are clear and appropriate, lack clutter, and have meaningful axis labels and good font sizes"
SDordoy,Participant 12896006,5,13,Figure(s) have an appropriate figure legend that is referred to in the main text.
SDordoy,Participant 12896006,5,14,"Results section includes appropriate and accurate summary statistics (e.g. means, density plots)"
SDordoy,Participant 12896006,4,15,Results section includes appropriate and accurate inferential statistics (Bayesian ANOVA)
SDordoy,Participant 12896006,3,17,Discussion correctly and clearly summarises findings
SDordoy,Participant 12896006,4,18,Discussion correctly interprets findings
SDordoy,Participant 12896006,3,19,Discussion makes appropriate links to previous literature
SDordoy,Participant 12896006,5,20,Discussion provides good considerations of the limitations of the current study
SDordoy,Participant 12896006,5,21,"Discussion makes a good, sensible suggestion for future work"
SDordoy,Participant 12896006,4,22,Discussion concludes appropriately.
SDordoy,Participant 12896006,4,23,Overall clarity of writing
SDordoy,Participant 12896006,5,24,Overall quality of grammar and spelling
SDordoy,Participant 12896006,4,25,Correct formatting of sections and sub-sections
SDordoy,Participant 12896006,5,26,Correct usage of APA-formatted citations and references
SDordoy,Participant 12896020,4,1,Abstract is clear and accurate
SDordoy,Participant 12896020,4,2,Abstract contains correct information
SDordoy,Participant 12896020,5,3,Introduction is clear and accurate
SDordoy,Participant 12896020,5,4,Introduction gives big-picture overview
SDordoy,Participant 12896020,5,5,Introduction outlines specific research area
SDordoy,Participant 12896020,5,6,Introduction gives rationale for current experiment
SDordoy,Participant 12896020,4,7,"Participant section is clear, accurate, and contain correct information"
SDordoy,Participant 12896020,3,8,Sample sizes are justified through a power calculation
SDordoy,Participant 12896020,5,9,"Apparatus and materials sections are clear, accurate, and contain correct information"
SDordoy,Participant 12896020,5,10,"Procedure section is clear, accurate, and contain correct information."
SDordoy,Participant 12896020,5,11,"Result section is overall clear, accurate, and contain correct information"
SDordoy,Participant 12896020,5,12,"Figure(s) are clear and appropriate, lack clutter, and have meaningful axis labels and good font sizes"
SDordoy,Participant 12896020,5,13,Figure(s) have an appropriate figure legend that is referred to in the main text.
SDordoy,Participant 12896020,5,14,"Results section includes appropriate and accurate summary statistics (e.g. means, density plots)"
SDordoy,Participant 12896020,3,15,Results section includes appropriate and accurate inferential statistics (Bayesian ANOVA)
SDordoy,Participant 12896020,4,17,Discussion correctly and clearly summarises findings
SDordoy,Participant 12896020,4,18,Discussion correctly interprets findings
SDordoy,Participant 12896020,5,19,Discussion makes appropriate links to previous literature
SDordoy,Participant 12896020,5,20,Discussion provides good considerations of the limitations of the current study
SDordoy,Participant 12896020,5,21,"Discussion makes a good, sensible suggestion for future work"
SDordoy,Participant 12896020,4,22,Discussion concludes appropriately.
SDordoy,Participant 12896020,5,23,Overall clarity of writing
SDordoy,Participant 12896020,5,24,Overall quality of grammar and spelling
SDordoy,Participant 12896020,5,25,Correct formatting of sections and sub-sections
SDordoy,Participant 12896020,5,26,Correct usage of APA-formatted citations and references
