Identifier,Status,Marker,Grade,Maximum Grade,Marking workflow state (Release grades and feedback),Grade can be changed,Last modified (submission),Last modified (grade),Feedback comments
Participant 12895812,Submitted for grading - 16 days 23 hours late - Not marked,Joel Solomons,58,100,Not marked,Yes,"Monday, 20 May 2024, 11:42 AM","Monday, 20 May 2024, 11:42 AM",
Participant 12895953,Submitted for grading - 16 days 23 hours late - Not marked,Anna Caunt,58,100,Not marked,Yes,"Monday, 20 May 2024, 11:39 AM","Monday, 20 May 2024, 11:36 AM",
Participant 12895872,Submitted for grading - 16 days 15 hours late - Marking completed,Dar'ya Klymenko,58,100,Marking completed,Yes,"Monday, 20 May 2024, 3:11 AM","Monday, 20 May 2024, 3:11 AM",
Participant 12895933,Submitted for grading - 16 days 13 hours late - Not marked,Joel Solomons,58,100,Not marked,Yes,"Monday, 20 May 2024, 1:29 AM","Monday, 20 May 2024, 1:29 AM",
Participant 12895777,Submitted for grading - 16 days 12 hours late - Not marked,Louise Crichton,58,100,Not marked,Yes,"Monday, 20 May 2024, 12:34 AM",-,
Participant 12895957,Submitted for grading - 16 days 11 hours late - Not marked,Spencer Talbot,65,100,Not marked,Yes,"Sunday, 19 May 2024, 11:27 PM","Sunday, 19 May 2024, 11:27 PM",
Participant 12895825,Submitted for grading - 16 days 10 hours late - Not marked,Shaun Dordoy,55,100,Not marked,Yes,"Sunday, 19 May 2024, 10:31 PM","Sunday, 19 May 2024, 10:31 PM",
Participant 12895964,Submitted for grading - 16 days 8 hours late - Not marked,Daniel Graham,58,100,Not marked,Yes,"Sunday, 19 May 2024, 8:27 PM","Sunday, 19 May 2024, 8:27 PM",
Participant 12895948,Submitted for grading - 15 days 3 hours late - Not marked,Despina Djama,58,100,Not marked,Yes,"Saturday, 18 May 2024, 3:36 PM","Saturday, 18 May 2024, 3:36 PM",
Participant 12895792,Submitted for grading - 10 days 11 hours late - Not marked,Louise Crichton,58,100,Not marked,Yes,"Monday, 13 May 2024, 11:51 PM","Monday, 13 May 2024, 11:51 PM",
Participant 12895891,Submitted for grading - 9 days 23 hours late - Not marked,Joel Solomons,68,100,Not marked,Yes,"Monday, 13 May 2024, 11:43 AM","Monday, 13 May 2024, 11:43 AM",
Participant 12895844,Submitted for grading - 9 days 23 hours late - Not marked,Ryan Statton,55,100,Not marked,Yes,"Monday, 13 May 2024, 11:32 AM","Monday, 13 May 2024, 11:32 AM",
Participant 12895746,Submitted for grading - 9 days 23 hours late - Not marked,Prahlad Saldanha,58,100,Not marked,Yes,"Monday, 13 May 2024, 11:25 AM","Monday, 13 May 2024, 11:25 AM",
Participant 12895854,Submitted for grading - 6 days 14 hours late - Not marked,Prahlad Saldanha,88,100,Not marked,Yes,"Friday, 10 May 2024, 2:21 AM","Friday, 10 May 2024, 2:21 AM",
Participant 12895703,Submitted for grading - 6 days 4 hours late - Not marked,Daniel Graham,55,100,Not marked,Yes,"Thursday, 9 May 2024, 4:53 PM","Thursday, 9 May 2024, 4:53 PM",
Participant 12895889,Submitted for grading - 5 days 7 hours late - Marking completed,Dar'ya Klymenko,58,100,Marking completed,Yes,"Wednesday, 8 May 2024, 7:15 PM","Wednesday, 8 May 2024, 7:15 PM",
Participant 12895959,Submitted for grading - 5 days 2 hours late - Not marked,Despina Djama,62,100,Not marked,Yes,"Wednesday, 8 May 2024, 2:35 PM","Wednesday, 8 May 2024, 2:35 PM",
Participant 12895853,Submitted for grading - 4 days 8 hours late - Not marked,Louise Crichton,58,100,Not marked,Yes,"Tuesday, 7 May 2024, 8:08 PM","Wednesday, 1 May 2024, 4:29 PM",
Participant 12895741,Submitted for grading - 34 mins 36 secs late - Not marked,Joel Solomons,77,100,Not marked,Yes,"Friday, 3 May 2024, 12:34 PM","Friday, 3 May 2024, 11:56 AM",
Participant 12895861,Submitted for grading - 1 min late - Marking completed,Dar'ya Klymenko,58,100,Marking completed,Yes,"Friday, 3 May 2024, 12:01 PM","Friday, 3 May 2024, 12:01 PM",
Participant 12895909,Submitted for grading - 46 secs late - Not marked,Louise Crichton,62,100,Not marked,Yes,"Friday, 3 May 2024, 12:00 PM","Friday, 3 May 2024, 12:00 PM",
Participant 12895768,Submitted for grading - Not marked,Joel Solomons,58,100,Not marked,Yes,"Friday, 3 May 2024, 11:59 AM","Friday, 3 May 2024, 11:59 AM",
Participant 12895748,Submitted for grading - Not marked,Nomiki Koutsoumpari,62,100,Not marked,Yes,"Friday, 3 May 2024, 11:58 AM","Thursday, 2 May 2024, 4:20 PM",
Participant 12895751,Submitted for grading - Not marked,Spencer Talbot,58,100,Not marked,Yes,"Friday, 3 May 2024, 11:53 AM","Friday, 3 May 2024, 11:53 AM",
Participant 12895710,Submitted for grading - Not marked,Joel Solomons,65,100,Not marked,Yes,"Friday, 3 May 2024, 11:52 AM","Friday, 3 May 2024, 11:52 AM",
Participant 12895947,Submitted for grading - Not marked,Nomiki Koutsoumpari,65,100,Not marked,Yes,"Friday, 3 May 2024, 11:50 AM","Friday, 3 May 2024, 11:46 AM",
Participant 12895896,Submitted for grading - Not marked,Joel Solomons,65,100,Not marked,Yes,"Friday, 3 May 2024, 11:32 AM","Friday, 3 May 2024, 12:23 AM",
Participant 12895972,Submitted for grading - Not marked,Prahlad Saldanha,65,100,Not marked,Yes,"Friday, 3 May 2024, 11:18 AM","Friday, 3 May 2024, 11:18 AM",
Participant 12895789,Submitted for grading - Not marked,Despina Djama,65,100,Not marked,Yes,"Friday, 3 May 2024, 11:17 AM","Thursday, 2 May 2024, 11:40 PM",
Participant 12895750,Submitted for grading - Not marked,Prahlad Saldanha,68,100,Not marked,Yes,"Friday, 3 May 2024, 11:16 AM","Friday, 3 May 2024, 11:16 AM",
Participant 12895723,Submitted for grading - Not marked,Prahlad Saldanha,58,100,Not marked,Yes,"Friday, 3 May 2024, 11:16 AM","Friday, 3 May 2024, 11:16 AM",
Participant 12895708,Submitted for grading - Marking completed,Dar'ya Klymenko,55,100,Marking completed,Yes,"Friday, 3 May 2024, 11:15 AM","Friday, 3 May 2024, 11:15 AM",
Participant 12895884,Submitted for grading - Not marked,Alvise Rogers,58,100,Not marked,Yes,"Friday, 3 May 2024, 11:14 AM",-,
Participant 12895809,Submitted for grading - Not marked,Spencer Talbot,68,100,Not marked,Yes,"Friday, 3 May 2024, 11:13 AM","Friday, 3 May 2024, 11:13 AM",
Participant 12895738,Submitted for grading - Not marked,Louise Crichton,68,100,Not marked,Yes,"Friday, 3 May 2024, 11:03 AM","Friday, 3 May 2024, 10:29 AM",
Participant 12895702,Submitted for grading - Not marked,Daniel Graham,58,100,Not marked,Yes,"Friday, 3 May 2024, 11:01 AM","Friday, 3 May 2024, 11:01 AM",
Participant 12895858,Submitted for grading - Not marked,Despina Djama,88,100,Not marked,Yes,"Friday, 3 May 2024, 10:59 AM","Friday, 3 May 2024, 10:59 AM",
Participant 12895878,Submitted for grading - Not marked,Spencer Talbot,65,100,Not marked,Yes,"Friday, 3 May 2024, 10:58 AM","Friday, 3 May 2024, 10:58 AM",
Participant 12895882,Submitted for grading - Not marked,Ryan Statton,58,100,Not marked,Yes,"Friday, 3 May 2024, 10:58 AM","Friday, 3 May 2024, 10:58 AM",
Participant 12895851,Submitted for grading - Not marked,Ryan Statton,65,100,Not marked,Yes,"Friday, 3 May 2024, 10:52 AM","Friday, 3 May 2024, 10:52 AM",
Participant 12895905,Submitted for grading - Not marked,Louise Crichton,58,100,Not marked,Yes,"Friday, 3 May 2024, 10:45 AM","Friday, 3 May 2024, 10:45 AM",
Participant 12895796,Submitted for grading - Not marked,Nomiki Koutsoumpari,62,100,Not marked,Yes,"Friday, 3 May 2024, 10:41 AM","Friday, 3 May 2024, 10:41 AM",
Participant 12895763,Submitted for grading - Not marked,Nomiki Koutsoumpari,58,100,Not marked,Yes,"Friday, 3 May 2024, 10:34 AM","Friday, 3 May 2024, 10:34 AM",
Participant 12895911,Submitted for grading - Not marked,Louise Crichton,58,100,Not marked,Yes,"Friday, 3 May 2024, 10:23 AM","Friday, 3 May 2024, 10:21 AM",
Participant 12895727,Submitted for grading - Not marked,Daniel Graham,58,100,Not marked,Yes,"Friday, 3 May 2024, 10:21 AM","Friday, 3 May 2024, 10:21 AM",
Participant 12895820,Submitted for grading - Not marked,Ryan Statton,58,100,Not marked,Yes,"Friday, 3 May 2024, 10:19 AM","Friday, 3 May 2024, 10:19 AM",
Participant 12895919,Submitted for grading - Not marked,Louise Crichton,58,100,Not marked,Yes,"Friday, 3 May 2024, 10:19 AM","Friday, 3 May 2024, 10:19 AM",
Participant 12895827,Submitted for grading - Not marked,Ryan Statton,58,100,Not marked,Yes,"Friday, 3 May 2024, 10:18 AM","Friday, 3 May 2024, 10:11 AM",
Participant 12895955,Submitted for grading - Not marked,Spencer Talbot,77,100,Not marked,Yes,"Friday, 3 May 2024, 10:17 AM","Friday, 3 May 2024, 10:17 AM",
Participant 12895849,Submitted for grading - Not marked,Joel Solomons,62,100,Not marked,Yes,"Friday, 3 May 2024, 10:15 AM","Friday, 3 May 2024, 10:15 AM",
Participant 12895864,Submitted for grading - Not marked,Louise Crichton,65,100,Not marked,Yes,"Friday, 3 May 2024, 10:15 AM","Thursday, 2 May 2024, 12:46 AM",
Participant 12895718,Submitted for grading - Not marked,Anna Caunt,58,100,Not marked,Yes,"Friday, 3 May 2024, 10:14 AM","Friday, 3 May 2024, 10:14 AM",
Participant 12895762,Submitted for grading - Not marked,Spencer Talbot,68,100,Not marked,Yes,"Friday, 3 May 2024, 9:59 AM","Thursday, 2 May 2024, 10:47 PM",
Participant 12895828,Submitted for grading - Not marked,Louise Crichton,58,100,Not marked,Yes,"Friday, 3 May 2024, 9:48 AM","Friday, 3 May 2024, 9:48 AM",
Participant 12895960,Submitted for grading - Not marked,Louise Crichton,58,100,Not marked,Yes,"Friday, 3 May 2024, 9:33 AM","Friday, 3 May 2024, 7:56 AM",
Participant 12895944,Submitted for grading - Not marked,Alvise Rogers,52,100,Not marked,Yes,"Friday, 3 May 2024, 9:06 AM","Friday, 3 May 2024, 9:06 AM",
Participant 12895704,Submitted for grading - Not marked,Prahlad Saldanha,65,100,Not marked,Yes,"Friday, 3 May 2024, 8:26 AM","Friday, 3 May 2024, 8:26 AM",
Participant 12895794,Submitted for grading - Not marked,Alvise Rogers,65,100,Not marked,Yes,"Friday, 3 May 2024, 8:18 AM","Thursday, 2 May 2024, 10:46 PM",
Participant 12895807,Submitted for grading - Not marked,Shaun Dordoy,65,100,Not marked,Yes,"Friday, 3 May 2024, 8:15 AM","Friday, 3 May 2024, 8:15 AM",
Participant 12895749,Submitted for grading - Not marked,Ryan Statton,58,100,Not marked,Yes,"Friday, 3 May 2024, 7:43 AM","Friday, 3 May 2024, 7:43 AM",
Participant 12895931,Submitted for grading - Not marked,Nomiki Koutsoumpari,58,100,Not marked,Yes,"Friday, 3 May 2024, 7:26 AM","Friday, 3 May 2024, 7:26 AM",
Participant 12895801,Submitted for grading - Not marked,Alvise Rogers,77,100,Not marked,Yes,"Friday, 3 May 2024, 6:21 AM","Friday, 3 May 2024, 6:21 AM",
Participant 12895826,Submitted for grading - Not marked,Alvise Rogers,65,100,Not marked,Yes,"Friday, 3 May 2024, 6:19 AM",-,
Participant 12895716,Submitted for grading - Not marked,Prahlad Saldanha,65,100,Not marked,Yes,"Friday, 3 May 2024, 6:17 AM","Friday, 3 May 2024, 6:17 AM",
Participant 12895855,Submitted for grading - Not marked,Shaun Dordoy,65,100,Not marked,Yes,"Friday, 3 May 2024, 6:10 AM","Friday, 3 May 2024, 6:10 AM",
Participant 12895767,Submitted for grading - Not marked,Nomiki Koutsoumpari,62,100,Not marked,Yes,"Friday, 3 May 2024, 5:25 AM","Friday, 3 May 2024, 5:25 AM",
Participant 12895908,Submitted for grading - Not marked,Louise Crichton,58,100,Not marked,Yes,"Friday, 3 May 2024, 5:19 AM",-,
Participant 12895850,Submitted for grading - Not marked,Louise Crichton,68,100,Not marked,Yes,"Friday, 3 May 2024, 4:34 AM",-,
Participant 12895968,Submitted for grading - Not marked,Alvise Rogers,58,100,Not marked,Yes,"Friday, 3 May 2024, 4:24 AM","Friday, 3 May 2024, 1:30 AM",
Participant 12895943,Submitted for grading - Not marked,Louise Crichton,58,100,Not marked,Yes,"Friday, 3 May 2024, 4:14 AM",-,
Participant 12895843,Submitted for grading - Not marked,Anna Caunt,55,100,Not marked,Yes,"Friday, 3 May 2024, 4:09 AM","Friday, 3 May 2024, 4:09 AM",
Participant 12895899,Submitted for grading - Not marked,Prahlad Saldanha,58,100,Not marked,Yes,"Friday, 3 May 2024, 3:47 AM","Friday, 3 May 2024, 3:47 AM",
Participant 12895880,Submitted for grading - Not marked,Alvise Rogers,55,100,Not marked,Yes,"Friday, 3 May 2024, 3:37 AM","Friday, 3 May 2024, 3:37 AM",
Participant 12895940,Submitted for grading - Not marked,Shaun Dordoy,77,100,Not marked,Yes,"Friday, 3 May 2024, 3:00 AM","Thursday, 2 May 2024, 7:21 PM",
Participant 12895765,Submitted for grading - Not marked,Ryan Statton,55,100,Not marked,Yes,"Friday, 3 May 2024, 2:30 AM","Friday, 3 May 2024, 2:30 AM",
Participant 12895962,Submitted for grading - Not marked,Despina Djama,65,100,Not marked,Yes,"Friday, 3 May 2024, 2:25 AM","Friday, 3 May 2024, 2:25 AM",
Participant 13093535,Submitted for grading - Not marked,Louise Crichton,58,100,Not marked,Yes,"Friday, 3 May 2024, 2:22 AM","Friday, 3 May 2024, 2:22 AM",
Participant 12895870,Submitted for grading - Not marked,Ryan Statton,62,100,Not marked,Yes,"Friday, 3 May 2024, 2:06 AM","Friday, 3 May 2024, 2:06 AM",
Participant 12895970,Submitted for grading - Not marked,Spencer Talbot,62,100,Not marked,Yes,"Friday, 3 May 2024, 1:43 AM","Friday, 3 May 2024, 1:43 AM",
Participant 12895788,Submitted for grading - Not marked,Prahlad Saldanha,68,100,Not marked,Yes,"Friday, 3 May 2024, 1:36 AM","Friday, 3 May 2024, 1:36 AM",
Participant 12895744,Submitted for grading - Not marked,Nomiki Koutsoumpari,65,100,Not marked,Yes,"Friday, 3 May 2024, 1:32 AM","Friday, 3 May 2024, 1:32 AM",
Participant 12895865,Submitted for grading - Marking completed,Dar'ya Klymenko,58,100,Marking completed,Yes,"Friday, 3 May 2024, 1:27 AM","Friday, 3 May 2024, 1:27 AM",
Participant 12895808,Submitted for grading - Not marked,Despina Djama,58,100,Not marked,Yes,"Friday, 3 May 2024, 1:27 AM","Friday, 3 May 2024, 1:27 AM",
Participant 12895883,Submitted for grading - Not marked,Spencer Talbot,65,100,Not marked,Yes,"Friday, 3 May 2024, 1:25 AM","Friday, 3 May 2024, 12:13 AM",
Participant 12895802,Submitted for grading - Not marked,Prahlad Saldanha,58,100,Not marked,Yes,"Friday, 3 May 2024, 1:09 AM","Friday, 3 May 2024, 1:09 AM",
Participant 12895969,Submitted for grading - Not marked,Nomiki Koutsoumpari,65,100,Not marked,Yes,"Friday, 3 May 2024, 12:52 AM","Friday, 3 May 2024, 12:52 AM",
Participant 12895967,Submitted for grading - Not marked,Nomiki Koutsoumpari,58,100,Not marked,Yes,"Friday, 3 May 2024, 12:39 AM",-,
Participant 12895886,Submitted for grading - Not marked,Nomiki Koutsoumpari,45,100,Not marked,Yes,"Friday, 3 May 2024, 12:32 AM","Friday, 3 May 2024, 12:28 AM",
Participant 12895841,Submitted for grading - Not marked,Ryan Statton,100,100,Not marked,Yes,"Friday, 3 May 2024, 12:23 AM","Thursday, 2 May 2024, 5:06 PM",
Participant 12895811,Submitted for grading - Not marked,Shaun Dordoy,65,100,Not marked,Yes,"Friday, 3 May 2024, 12:12 AM","Friday, 3 May 2024, 12:12 AM",
Participant 12895805,Submitted for grading - Not marked,Anna Caunt,55,100,Not marked,Yes,"Friday, 3 May 2024, 12:10 AM","Friday, 3 May 2024, 12:10 AM",
Participant 12895863,Submitted for grading - Not marked,Nomiki Koutsoumpari,48,100,Not marked,Yes,"Friday, 3 May 2024, 12:04 AM",-,
Participant 12895907,Submitted for grading - Not marked,Nomiki Koutsoumpari,58,100,Not marked,Yes,"Thursday, 2 May 2024, 11:59 PM",-,
Participant 12895848,Submitted for grading - Not marked,Louise Crichton,65,100,Not marked,Yes,"Thursday, 2 May 2024, 11:56 PM","Thursday, 2 May 2024, 11:56 PM",
Participant 12895831,Submitted for grading - Not marked,Spencer Talbot,62,100,Not marked,Yes,"Thursday, 2 May 2024, 11:54 PM",-,
Participant 12895920,Submitted for grading - Not marked,Daniel Graham,62,100,Not marked,Yes,"Thursday, 2 May 2024, 11:44 PM",-,
Participant 12895857,Submitted for grading - Not marked,Louise Crichton,65,100,Not marked,Yes,"Thursday, 2 May 2024, 11:34 PM","Saturday, 27 April 2024, 11:45 PM",
Participant 12895945,Submitted for grading - Not marked,Spencer Talbot,62,100,Not marked,Yes,"Thursday, 2 May 2024, 11:18 PM","Thursday, 2 May 2024, 11:18 PM",
Participant 12895949,Submitted for grading - Marking completed,Dar'ya Klymenko,65,100,Marking completed,Yes,"Thursday, 2 May 2024, 11:12 PM","Thursday, 2 May 2024, 11:12 PM",
Participant 12895797,Submitted for grading - Not marked,Shaun Dordoy,15,100,Not marked,Yes,"Thursday, 2 May 2024, 11:07 PM","Thursday, 2 May 2024, 11:07 PM",
Participant 12895892,Submitted for grading - Not marked,Despina Djama,68,100,Not marked,Yes,"Thursday, 2 May 2024, 11:03 PM","Thursday, 2 May 2024, 11:03 PM",
Participant 12895699,Submitted for grading - Not marked,Alvise Rogers,58,100,Not marked,Yes,"Thursday, 2 May 2024, 10:58 PM","Thursday, 2 May 2024, 10:58 PM",
Participant 12895736,Submitted for grading - Not marked,Prahlad Saldanha,65,100,Not marked,Yes,"Thursday, 2 May 2024, 10:48 PM","Wednesday, 24 April 2024, 12:21 PM",
Participant 12895936,Submitted for grading - Not marked,Prahlad Saldanha,58,100,Not marked,Yes,"Thursday, 2 May 2024, 10:35 PM","Thursday, 2 May 2024, 10:35 PM",
Participant 12895700,Submitted for grading - Not marked,Spencer Talbot,62,100,Not marked,Yes,"Thursday, 2 May 2024, 10:30 PM","Thursday, 2 May 2024, 10:30 PM",
Participant 12895935,Submitted for grading - Not marked,Ryan Statton,62,100,Not marked,Yes,"Thursday, 2 May 2024, 10:23 PM","Thursday, 2 May 2024, 10:23 PM",
Participant 12895771,Submitted for grading - Marking completed,Dar'ya Klymenko,68,100,Marking completed,Yes,"Thursday, 2 May 2024, 10:23 PM","Thursday, 2 May 2024, 10:23 PM",
Participant 12895951,Submitted for grading - Not marked,Anna Caunt,65,100,Not marked,Yes,"Thursday, 2 May 2024, 10:23 PM","Thursday, 2 May 2024, 10:23 PM",
Participant 12895740,Submitted for grading - Not marked,Shaun Dordoy,65,100,Not marked,Yes,"Thursday, 2 May 2024, 10:20 PM","Thursday, 2 May 2024, 5:56 PM",
Participant 12895701,Submitted for grading - Not marked,Anna Caunt,58,100,Not marked,Yes,"Thursday, 2 May 2024, 10:17 PM","Thursday, 2 May 2024, 10:17 PM",
Participant 12895695,Submitted for grading - Not marked,Spencer Talbot,77,100,Not marked,Yes,"Thursday, 2 May 2024, 10:04 PM","Thursday, 2 May 2024, 9:05 PM",
Participant 12895775,Submitted for grading - Not marked,Spencer Talbot,65,100,Not marked,Yes,"Thursday, 2 May 2024, 9:52 PM","Thursday, 2 May 2024, 9:43 PM",
Participant 12895837,Submitted for grading - Not marked,Nomiki Koutsoumpari,58,100,Not marked,Yes,"Thursday, 2 May 2024, 9:50 PM","Thursday, 2 May 2024, 1:14 PM",
Participant 12895954,Submitted for grading - Not marked,Anna Caunt,58,100,Not marked,Yes,"Thursday, 2 May 2024, 9:37 PM","Thursday, 2 May 2024, 9:37 PM",
Participant 12895783,Submitted for grading - Not marked,Alvise Rogers,68,100,Not marked,Yes,"Thursday, 2 May 2024, 9:32 PM","Thursday, 2 May 2024, 9:32 PM",
Participant 12895803,Submitted for grading - Not marked,Nomiki Koutsoumpari,62,100,Not marked,Yes,"Thursday, 2 May 2024, 8:58 PM","Thursday, 2 May 2024, 8:58 PM",
Participant 12895830,Submitted for grading - Not marked,Daniel Graham,65,100,Not marked,Yes,"Thursday, 2 May 2024, 8:11 PM","Thursday, 2 May 2024, 3:55 PM",
Participant 12895923,Submitted for grading - Not marked,Prahlad Saldanha,58,100,Not marked,Yes,"Thursday, 2 May 2024, 8:07 PM","Tuesday, 30 April 2024, 6:41 PM",
Participant 12895757,Submitted for grading - Not marked,Anna Caunt,58,100,Not marked,Yes,"Thursday, 2 May 2024, 7:43 PM","Thursday, 2 May 2024, 7:43 PM",
Participant 12895760,Submitted for grading - Not marked,Daniel Graham,65,100,Not marked,Yes,"Thursday, 2 May 2024, 7:10 PM","Thursday, 2 May 2024, 7:07 PM",
Participant 12895780,Submitted for grading - Not marked,Prahlad Saldanha,58,100,Not marked,Yes,"Thursday, 2 May 2024, 7:08 PM","Thursday, 2 May 2024, 7:05 PM",
Participant 12895915,Submitted for grading - Not marked,Anna Caunt,68,100,Not marked,Yes,"Thursday, 2 May 2024, 7:05 PM","Wednesday, 24 April 2024, 10:29 PM",
Participant 12895815,Submitted for grading - Marking completed,Dar'ya Klymenko,58,100,Marking completed,Yes,"Thursday, 2 May 2024, 6:56 PM","Thursday, 2 May 2024, 6:56 PM",
Participant 12895927,Submitted for grading - Marking completed,Dar'ya Klymenko,68,100,Marking completed,Yes,"Thursday, 2 May 2024, 6:48 PM","Tuesday, 30 April 2024, 10:32 PM",
Participant 12895860,Submitted for grading - Not marked,Spencer Talbot,65,100,Not marked,Yes,"Thursday, 2 May 2024, 6:48 PM","Thursday, 2 May 2024, 6:48 PM",
Participant 12895869,Submitted for grading - Not marked,Spencer Talbot,65,100,Not marked,Yes,"Thursday, 2 May 2024, 6:47 PM","Thursday, 2 May 2024, 6:47 PM",
Participant 12895742,Submitted for grading - Not marked,Daniel Graham,65,100,Not marked,Yes,"Thursday, 2 May 2024, 6:15 PM","Thursday, 2 May 2024, 6:15 PM",
Participant 12895941,Submitted for grading - Not marked,Nomiki Koutsoumpari,58,100,Not marked,Yes,"Thursday, 2 May 2024, 6:07 PM","Thursday, 2 May 2024, 6:07 PM",
Participant 12895781,Submitted for grading - Not marked,Spencer Talbot,65,100,Not marked,Yes,"Thursday, 2 May 2024, 6:06 PM","Thursday, 2 May 2024, 6:06 PM",
Participant 12895852,Submitted for grading - Not marked,Nomiki Koutsoumpari,68,100,Not marked,Yes,"Thursday, 2 May 2024, 6:05 PM","Thursday, 2 May 2024, 3:35 PM",
Participant 12895938,Submitted for grading - Not marked,Daniel Graham,58,100,Not marked,Yes,"Thursday, 2 May 2024, 6:05 PM","Thursday, 2 May 2024, 6:05 PM",
Participant 12895912,Submitted for grading - Not marked,Nomiki Koutsoumpari,62,100,Not marked,Yes,"Thursday, 2 May 2024, 5:58 PM","Thursday, 2 May 2024, 5:58 PM",
Participant 12895729,Submitted for grading - Not marked,Ryan Statton,58,100,Not marked,Yes,"Thursday, 2 May 2024, 5:27 PM","Thursday, 2 May 2024, 5:27 PM",
Participant 12895928,Submitted for grading - Not marked,Joel Solomons,68,100,Not marked,Yes,"Thursday, 2 May 2024, 5:22 PM","Thursday, 2 May 2024, 5:22 PM",
Participant 12895876,Submitted for grading - Not marked,Alvise Rogers,68,100,Not marked,Yes,"Thursday, 2 May 2024, 5:17 PM","Thursday, 2 May 2024, 5:17 PM",
Participant 12895904,Submitted for grading - Not marked,Despina Djama,55,100,Not marked,Yes,"Thursday, 2 May 2024, 5:14 PM","Thursday, 2 May 2024, 5:14 PM",
Participant 12895798,Submitted for grading - Not marked,Anna Caunt,58,100,Not marked,Yes,"Thursday, 2 May 2024, 5:13 PM","Thursday, 2 May 2024, 5:13 PM",
Participant 12895881,Submitted for grading - Not marked,Spencer Talbot,65,100,Not marked,Yes,"Thursday, 2 May 2024, 5:13 PM","Thursday, 2 May 2024, 5:13 PM",
Participant 12895958,Submitted for grading - Not marked,Shaun Dordoy,77,100,Not marked,Yes,"Thursday, 2 May 2024, 4:54 PM",-,
Participant 12895821,Submitted for grading - Not marked,Despina Djama,65,100,Not marked,Yes,"Thursday, 2 May 2024, 4:51 PM","Thursday, 2 May 2024, 9:53 AM",
Participant 12895868,Submitted for grading - Not marked,Despina Djama,58,100,Not marked,Yes,"Thursday, 2 May 2024, 4:51 PM","Thursday, 2 May 2024, 4:20 PM",
Participant 12895806,Submitted for grading - Not marked,Joel Solomons,68,100,Not marked,Yes,"Thursday, 2 May 2024, 4:40 PM","Thursday, 2 May 2024, 4:40 PM",
Participant 12895924,Submitted for grading - Not marked,Spencer Talbot,68,100,Not marked,Yes,"Thursday, 2 May 2024, 3:56 PM","Thursday, 2 May 2024, 3:56 PM",
Participant 12895930,Submitted for grading - Not marked,Prahlad Saldanha,65,100,Not marked,Yes,"Thursday, 2 May 2024, 3:55 PM","Thursday, 2 May 2024, 3:55 PM",
Participant 12895934,Submitted for grading - Not marked,Spencer Talbot,68,100,Not marked,Yes,"Thursday, 2 May 2024, 3:50 PM","Thursday, 2 May 2024, 2:22 PM",
Participant 12895866,Submitted for grading - Not marked,Despina Djama,62,100,Not marked,Yes,"Thursday, 2 May 2024, 3:49 PM","Tuesday, 30 April 2024, 5:26 PM",
Participant 12895838,Submitted for grading - Not marked,Louise Crichton,65,100,Not marked,Yes,"Thursday, 2 May 2024, 3:38 PM","Thursday, 2 May 2024, 3:38 PM",
Participant 12895921,Submitted for grading - Not marked,Prahlad Saldanha,65,100,Not marked,Yes,"Thursday, 2 May 2024, 3:32 PM","Thursday, 2 May 2024, 3:32 PM",
Participant 12895739,Submitted for grading - Not marked,Shaun Dordoy,58,100,Not marked,Yes,"Thursday, 2 May 2024, 3:31 PM","Thursday, 2 May 2024, 3:31 PM",
Participant 12895761,Submitted for grading - Not marked,Louise Crichton,62,100,Not marked,Yes,"Thursday, 2 May 2024, 3:15 PM","Thursday, 2 May 2024, 3:15 PM",
Participant 12895799,Submitted for grading - Not marked,Despina Djama,58,100,Not marked,Yes,"Thursday, 2 May 2024, 2:58 PM","Thursday, 2 May 2024, 2:58 PM",
Participant 12895898,Submitted for grading - Not marked,Spencer Talbot,62,100,Not marked,Yes,"Thursday, 2 May 2024, 2:56 PM","Thursday, 2 May 2024, 2:56 PM",
Participant 12895971,Submitted for grading - Not marked,Despina Djama,62,100,Not marked,Yes,"Thursday, 2 May 2024, 2:55 PM","Thursday, 2 May 2024, 2:50 PM",
Participant 12895787,Submitted for grading - Not marked,Anna Caunt,68,100,Not marked,Yes,"Thursday, 2 May 2024, 2:35 PM","Thursday, 2 May 2024, 2:35 PM",
Participant 12895817,Submitted for grading - Not marked,Spencer Talbot,65,100,Not marked,Yes,"Thursday, 2 May 2024, 2:32 PM","Thursday, 25 April 2024, 10:12 AM",
Participant 12895906,Submitted for grading - Not marked,Prahlad Saldanha,65,100,Not marked,Yes,"Thursday, 2 May 2024, 2:24 PM","Thursday, 2 May 2024, 2:24 PM",
Participant 12895897,Submitted for grading - Not marked,Shaun Dordoy,62,100,Not marked,Yes,"Thursday, 2 May 2024, 2:23 PM","Thursday, 2 May 2024, 2:23 PM",
Participant 12895929,Submitted for grading - Not marked,Despina Djama,58,100,Not marked,Yes,"Thursday, 2 May 2024, 2:21 PM","Thursday, 2 May 2024, 2:21 PM",
Participant 12895847,Submitted for grading - Not marked,Joel Solomons,100,100,Not marked,Yes,"Thursday, 2 May 2024, 2:06 PM","Thursday, 2 May 2024, 2:06 PM",
Participant 12895769,Submitted for grading - Not marked,Joel Solomons,62,100,Not marked,Yes,"Thursday, 2 May 2024, 2:06 PM","Thursday, 2 May 2024, 2:06 PM",
Participant 12895766,Submitted for grading - Not marked,Despina Djama,58,100,Not marked,Yes,"Thursday, 2 May 2024, 2:05 PM","Thursday, 2 May 2024, 2:05 PM",
Participant 12895713,Submitted for grading - Not marked,Joel Solomons,62,100,Not marked,Yes,"Thursday, 2 May 2024, 2:00 PM","Thursday, 2 May 2024, 2:00 PM",
Participant 12895722,Submitted for grading - Not marked,Despina Djama,58,100,Not marked,Yes,"Thursday, 2 May 2024, 1:57 PM","Thursday, 2 May 2024, 1:57 PM",
Participant 12895867,Submitted for grading - Not marked,Spencer Talbot,65,100,Not marked,Yes,"Thursday, 2 May 2024, 12:47 PM","Thursday, 2 May 2024, 12:47 PM",
Participant 12895779,Submitted for grading - Not marked,Ryan Statton,62,100,Not marked,Yes,"Thursday, 2 May 2024, 12:43 PM","Thursday, 2 May 2024, 12:43 PM",
Participant 12895965,Submitted for grading - Not marked,Despina Djama,58,100,Not marked,Yes,"Thursday, 2 May 2024, 12:03 PM","Thursday, 2 May 2024, 12:03 PM",
Participant 12895772,Submitted for grading - Not marked,Ryan Statton,62,100,Not marked,Yes,"Thursday, 2 May 2024, 12:01 PM","Thursday, 2 May 2024, 12:01 PM",
Participant 12895753,Submitted for grading - Not marked,Nomiki Koutsoumpari,65,100,Not marked,Yes,"Thursday, 2 May 2024, 11:54 AM","Wednesday, 1 May 2024, 4:22 PM",
Participant 12895694,Submitted for grading - Not marked,Louise Crichton,65,100,Not marked,Yes,"Thursday, 2 May 2024, 11:30 AM","Thursday, 2 May 2024, 11:30 AM",
Participant 12895717,Submitted for grading - Not marked,Spencer Talbot,65,100,Not marked,Yes,"Thursday, 2 May 2024, 11:09 AM","Wednesday, 1 May 2024, 10:51 AM",
Participant 12895888,Submitted for grading - Not marked,Alvise Rogers,77,100,Not marked,Yes,"Thursday, 2 May 2024, 10:36 AM","Wednesday, 1 May 2024, 10:23 PM",
Participant 12895785,Submitted for grading - Not marked,Shaun Dordoy,58,100,Not marked,Yes,"Thursday, 2 May 2024, 10:30 AM","Thursday, 2 May 2024, 10:30 AM",
Participant 12895724,Submitted for grading - Marking completed,Dar'ya Klymenko,55,100,Marking completed,Yes,"Thursday, 2 May 2024, 9:45 AM","Thursday, 2 May 2024, 9:45 AM",
Participant 12895842,Submitted for grading - Not marked,Prahlad Saldanha,58,100,Not marked,Yes,"Thursday, 2 May 2024, 9:08 AM","Thursday, 2 May 2024, 9:08 AM",
Participant 12895773,Submitted for grading - Not marked,Shaun Dordoy,62,100,Not marked,Yes,"Thursday, 2 May 2024, 8:17 AM","Thursday, 2 May 2024, 8:17 AM",
Participant 12895917,Submitted for grading - Not marked,Despina Djama,62,100,Not marked,Yes,"Thursday, 2 May 2024, 6:14 AM",-,
Participant 12895707,Submitted for grading - Not marked,Joel Solomons,55,100,Not marked,Yes,"Thursday, 2 May 2024, 1:36 AM","Thursday, 2 May 2024, 1:36 AM",
Participant 12895956,Submitted for grading - Not marked,Shaun Dordoy,62,100,Not marked,Yes,"Thursday, 2 May 2024, 12:44 AM","Thursday, 2 May 2024, 12:44 AM",
Participant 12895814,Submitted for grading - Not marked,Louise Crichton,65,100,Not marked,Yes,"Wednesday, 1 May 2024, 11:12 PM","Monday, 29 April 2024, 3:26 PM",
Participant 12895914,Submitted for grading - Not marked,Ryan Statton,62,100,Not marked,Yes,"Wednesday, 1 May 2024, 10:34 PM","Wednesday, 1 May 2024, 10:34 PM",
Participant 12895819,Submitted for grading - Not marked,Nomiki Koutsoumpari,65,100,Not marked,Yes,"Wednesday, 1 May 2024, 10:23 PM","Wednesday, 1 May 2024, 10:23 PM",
Participant 12895725,Submitted for grading - Not marked,Spencer Talbot,65,100,Not marked,Yes,"Wednesday, 1 May 2024, 10:08 PM","Wednesday, 1 May 2024, 10:08 PM",
Participant 12895916,Submitted for grading - Not marked,Prahlad Saldanha,58,100,Not marked,Yes,"Wednesday, 1 May 2024, 8:50 PM","Wednesday, 1 May 2024, 8:50 PM",
Participant 12895839,Submitted for grading - Not marked,Shaun Dordoy,58,100,Not marked,Yes,"Wednesday, 1 May 2024, 8:08 PM","Wednesday, 1 May 2024, 8:08 PM",
Participant 12895755,Submitted for grading - Not marked,Ryan Statton,65,100,Not marked,Yes,"Wednesday, 1 May 2024, 7:32 PM","Wednesday, 1 May 2024, 7:15 PM",
Participant 12895712,Submitted for grading - Not marked,Ryan Statton,100,100,Not marked,Yes,"Wednesday, 1 May 2024, 6:22 PM","Wednesday, 1 May 2024, 6:22 PM",
Participant 12895731,Submitted for grading - Not marked,Despina Djama,77,100,Not marked,Yes,"Wednesday, 1 May 2024, 6:14 PM","Wednesday, 1 May 2024, 3:20 PM",
Participant 12895715,Submitted for grading - Not marked,Nomiki Koutsoumpari,58,100,Not marked,Yes,"Wednesday, 1 May 2024, 5:37 PM","Wednesday, 1 May 2024, 5:37 PM",
Participant 12895711,Submitted for grading - Not marked,Nomiki Koutsoumpari,58,100,Not marked,Yes,"Wednesday, 1 May 2024, 5:36 PM","Wednesday, 1 May 2024, 5:36 PM",
Participant 12895776,Submitted for grading - Not marked,Spencer Talbot,62,100,Not marked,Yes,"Wednesday, 1 May 2024, 4:51 PM","Wednesday, 1 May 2024, 4:51 PM",
Participant 12895813,Submitted for grading - Not marked,Daniel Graham,65,100,Not marked,Yes,"Wednesday, 1 May 2024, 4:38 PM","Wednesday, 1 May 2024, 4:38 PM",
Participant 12895810,Submitted for grading - Not marked,Anna Caunt,58,100,Not marked,Yes,"Wednesday, 1 May 2024, 2:00 PM","Wednesday, 1 May 2024, 1:53 PM",
Participant 12895816,Submitted for grading - Not marked,Prahlad Saldanha,65,100,Not marked,Yes,"Wednesday, 1 May 2024, 1:21 PM","Wednesday, 1 May 2024, 1:21 PM",
Participant 12895834,Submitted for grading - Not marked,Anna Caunt,55,100,Not marked,Yes,"Wednesday, 1 May 2024, 1:12 PM","Wednesday, 1 May 2024, 1:12 PM",
Participant 12895846,Submitted for grading - Not marked,Nomiki Koutsoumpari,62,100,Not marked,Yes,"Wednesday, 1 May 2024, 1:09 PM",-,
Participant 12895818,Submitted for grading - Not marked,Nomiki Koutsoumpari,62,100,Not marked,Yes,"Wednesday, 1 May 2024, 12:06 PM","Wednesday, 1 May 2024, 12:06 PM",
Participant 12895845,Submitted for grading - Not marked,Anna Caunt,58,100,Not marked,Yes,"Wednesday, 1 May 2024, 11:58 AM","Wednesday, 1 May 2024, 11:58 AM",
Participant 12895793,Submitted for grading - Not marked,Despina Djama,77,100,Not marked,Yes,"Wednesday, 1 May 2024, 11:09 AM",-,
Participant 12895961,Submitted for grading - Not marked,Anna Caunt,58,100,Not marked,Yes,"Wednesday, 1 May 2024, 1:41 AM","Wednesday, 1 May 2024, 1:41 AM",
Participant 12895696,Submitted for grading - Not marked,Shaun Dordoy,58,100,Not marked,Yes,"Tuesday, 30 April 2024, 11:08 PM","Tuesday, 30 April 2024, 11:08 PM",
Participant 12895946,Submitted for grading - Not marked,Despina Djama,65,100,Not marked,Yes,"Tuesday, 30 April 2024, 11:04 PM",-,
Participant 12895922,Submitted for grading - Not marked,Louise Crichton,68,100,Not marked,Yes,"Tuesday, 30 April 2024, 10:49 PM","Thursday, 11 April 2024, 6:31 PM",
Participant 12895719,Submitted for grading - Marking completed,Dar'ya Klymenko,58,100,Marking completed,Yes,"Tuesday, 30 April 2024, 10:37 PM","Tuesday, 30 April 2024, 10:37 PM",
Participant 12895873,Submitted for grading - Not marked,Joel Solomons,58,100,Not marked,Yes,"Tuesday, 30 April 2024, 10:30 PM","Tuesday, 30 April 2024, 10:30 PM",
Participant 12895795,Submitted for grading - Not marked,Daniel Graham,58,100,Not marked,Yes,"Tuesday, 30 April 2024, 9:53 PM","Tuesday, 30 April 2024, 9:53 PM",
Participant 12895800,Submitted for grading - Not marked,Shaun Dordoy,58,100,Not marked,Yes,"Tuesday, 30 April 2024, 9:45 PM","Tuesday, 30 April 2024, 9:45 PM",
Participant 12895754,Submitted for grading - Not marked,Louise Crichton,65,100,Not marked,Yes,"Tuesday, 30 April 2024, 9:36 PM","Tuesday, 30 April 2024, 9:36 PM",
Participant 12895840,Submitted for grading - Not marked,Despina Djama,65,100,Not marked,Yes,"Tuesday, 30 April 2024, 8:09 PM",-,
Participant 12895758,Submitted for grading - Not marked,Nomiki Koutsoumpari,62,100,Not marked,Yes,"Tuesday, 30 April 2024, 6:00 PM","Tuesday, 30 April 2024, 6:00 PM",
Participant 12895728,Submitted for grading - Not marked,Nomiki Koutsoumpari,62,100,Not marked,Yes,"Tuesday, 30 April 2024, 5:26 PM","Tuesday, 30 April 2024, 5:26 PM",
Participant 12895770,Submitted for grading - Marking completed,Dar'ya Klymenko,65,100,Marking completed,Yes,"Tuesday, 30 April 2024, 4:59 PM","Tuesday, 30 April 2024, 4:59 PM",
Participant 12895903,Submitted for grading - Not marked,Shaun Dordoy,62,100,Not marked,Yes,"Tuesday, 30 April 2024, 3:05 PM","Tuesday, 30 April 2024, 3:05 PM",
Participant 12895859,Submitted for grading - Marking completed,Dar'ya Klymenko,65,100,Marking completed,Yes,"Tuesday, 30 April 2024, 2:50 PM","Tuesday, 30 April 2024, 2:50 PM",
Participant 12895782,Submitted for grading - Not marked,Joel Solomons,62,100,Not marked,Yes,"Tuesday, 30 April 2024, 2:50 PM","Tuesday, 30 April 2024, 2:50 PM",
Participant 12895877,Submitted for grading - Not marked,Despina Djama,58,100,Not marked,Yes,"Tuesday, 30 April 2024, 1:26 PM","Tuesday, 30 April 2024, 1:26 PM",
Participant 12895913,Submitted for grading - Not marked,Nomiki Koutsoumpari,65,100,Not marked,Yes,"Monday, 29 April 2024, 8:26 PM","Monday, 29 April 2024, 8:26 PM",
Participant 12895902,Submitted for grading - Not marked,Despina Djama,58,100,Not marked,Yes,"Monday, 29 April 2024, 5:33 PM","Monday, 29 April 2024, 5:33 PM",
Participant 12895778,Submitted for grading - Not marked,Ryan Statton,62,100,Not marked,Yes,"Monday, 29 April 2024, 4:46 PM","Monday, 29 April 2024, 4:20 PM",
Participant 12895726,Submitted for grading - Not marked,Shaun Dordoy,77,100,Not marked,Yes,"Monday, 29 April 2024, 4:05 PM","Monday, 29 April 2024, 2:08 PM",
Participant 12895733,Submitted for grading - Not marked,Nomiki Koutsoumpari,58,100,Not marked,Yes,"Monday, 29 April 2024, 3:38 PM","Monday, 29 April 2024, 3:38 PM",
Participant 12895833,Submitted for grading - Marking completed,Dar'ya Klymenko,62,100,Marking completed,Yes,"Monday, 29 April 2024, 3:25 PM","Monday, 29 April 2024, 3:25 PM",
Participant 12895745,Submitted for grading - Not marked,Anna Caunt,55,100,Not marked,Yes,"Monday, 29 April 2024, 12:30 PM","Monday, 29 April 2024, 12:30 PM",
Participant 12895737,Submitted for grading - Not marked,Anna Caunt,58,100,Not marked,Yes,"Monday, 29 April 2024, 11:52 AM","Monday, 29 April 2024, 11:52 AM",
Participant 12895705,Submitted for grading - Not marked,Shaun Dordoy,62,100,Not marked,Yes,"Sunday, 28 April 2024, 10:14 PM",-,
Participant 12895893,Submitted for grading - Not marked,Joel Solomons,58,100,Not marked,Yes,"Sunday, 28 April 2024, 5:07 PM","Sunday, 28 April 2024, 5:07 PM",
Participant 12895894,Submitted for grading - Not marked,Anna Caunt,58,100,Not marked,Yes,"Sunday, 28 April 2024, 2:31 PM","Sunday, 28 April 2024, 2:31 PM",
Participant 12895862,Submitted for grading - Not marked,Shaun Dordoy,65,100,Not marked,Yes,"Sunday, 28 April 2024, 12:48 PM","Sunday, 28 April 2024, 12:48 PM",
Participant 12895910,Submitted for grading - Not marked,Daniel Graham,68,100,Not marked,Yes,"Sunday, 28 April 2024, 12:40 PM","Sunday, 28 April 2024, 11:41 AM",
Participant 12895706,Submitted for grading - Not marked,Joel Solomons,55,100,Not marked,Yes,"Sunday, 28 April 2024, 8:54 AM","Sunday, 28 April 2024, 8:54 AM",
Participant 12895952,Submitted for grading - Not marked,Shaun Dordoy,55,100,Not marked,Yes,"Saturday, 27 April 2024, 10:01 PM","Saturday, 27 April 2024, 10:01 PM",
Participant 12895721,Submitted for grading - Not marked,Anna Caunt,88,100,Not marked,Yes,"Saturday, 27 April 2024, 3:42 PM","Saturday, 27 April 2024, 3:42 PM",
Participant 12895963,Submitted for grading - Not marked,Daniel Graham,65,100,Not marked,Yes,"Saturday, 27 April 2024, 3:13 PM","Saturday, 27 April 2024, 3:13 PM",
Participant 12895735,Submitted for grading - Marking completed,Dar'ya Klymenko,68,100,Marking completed,Yes,"Saturday, 27 April 2024, 3:09 PM","Friday, 26 April 2024, 1:07 PM",
Participant 12895835,Submitted for grading - Not marked,Louise Crichton,65,100,Not marked,Yes,"Saturday, 27 April 2024, 11:19 AM","Saturday, 27 April 2024, 10:48 AM",
Participant 12895730,Submitted for grading - Not marked,Anna Caunt,62,100,Not marked,Yes,"Friday, 26 April 2024, 3:44 PM","Friday, 26 April 2024, 3:44 PM",
Participant 12895764,Submitted for grading - Not marked,Despina Djama,65,100,Not marked,Yes,"Friday, 26 April 2024, 2:31 PM","Friday, 26 April 2024, 2:31 PM",
Participant 12895786,Submitted for grading - Not marked,Joel Solomons,55,100,Not marked,Yes,"Friday, 26 April 2024, 1:34 PM","Friday, 26 April 2024, 1:34 PM",
Participant 12895714,Submitted for grading - Marking completed,Dar'ya Klymenko,62,100,Marking completed,Yes,"Friday, 26 April 2024, 10:03 AM","Friday, 26 April 2024, 10:03 AM",
Participant 12895759,Submitted for grading - Not marked,Prahlad Saldanha,68,100,Not marked,Yes,"Thursday, 25 April 2024, 2:48 PM","Thursday, 25 April 2024, 2:48 PM",
Participant 12895720,Submitted for grading - Not marked,Anna Caunt,65,100,Not marked,Yes,"Thursday, 25 April 2024, 1:29 PM","Thursday, 25 April 2024, 1:29 PM",
Participant 12895939,Submitted for grading - Not marked,Prahlad Saldanha,65,100,Not marked,Yes,"Thursday, 25 April 2024, 12:11 PM","Thursday, 25 April 2024, 12:11 PM",
Participant 12895885,Submitted for grading - Not marked,Prahlad Saldanha,68,100,Not marked,Yes,"Wednesday, 24 April 2024, 8:09 PM","Wednesday, 24 April 2024, 8:09 PM",
Participant 12895774,Submitted for grading - Marking completed,Dar'ya Klymenko,62,100,Marking completed,Yes,"Wednesday, 24 April 2024, 5:30 PM","Wednesday, 24 April 2024, 5:30 PM",
Participant 12895966,Submitted for grading - Not marked,Louise Crichton,58,100,Not marked,Yes,"Wednesday, 24 April 2024, 3:15 PM","Wednesday, 24 April 2024, 3:15 PM",
Participant 12895756,Submitted for grading - Not marked,Anna Caunt,88,100,Not marked,Yes,"Wednesday, 24 April 2024, 3:02 PM","Tuesday, 23 April 2024, 10:57 PM",
Participant 12895871,Submitted for grading - Not marked,Daniel Graham,77,100,Not marked,Yes,"Wednesday, 24 April 2024, 2:02 PM","Wednesday, 24 April 2024, 2:02 PM",
Participant 12895698,Submitted for grading - Not marked,Ryan Statton,68,100,Not marked,Yes,"Tuesday, 23 April 2024, 11:26 AM","Tuesday, 23 April 2024, 11:26 AM",
Participant 12895791,Submitted for grading - Not marked,Prahlad Saldanha,65,100,Not marked,Yes,"Tuesday, 23 April 2024, 3:45 AM","Tuesday, 23 April 2024, 3:45 AM",
Participant 12895747,Submitted for grading - Not marked,Joel Solomons,65,100,Not marked,Yes,"Monday, 22 April 2024, 9:19 PM","Monday, 22 April 2024, 9:19 PM",
Participant 12895950,Submitted for grading - Marking completed,Dar'ya Klymenko,68,100,Marking completed,Yes,"Monday, 22 April 2024, 6:34 PM","Monday, 22 April 2024, 6:34 PM",
Participant 12895925,Submitted for grading - Marking completed,Dar'ya Klymenko,62,100,Marking completed,Yes,"Monday, 22 April 2024, 5:06 PM","Monday, 22 April 2024, 12:00 PM",
Participant 12895932,Submitted for grading - Not marked,Ryan Statton,65,100,Not marked,Yes,"Monday, 22 April 2024, 4:28 PM","Monday, 22 April 2024, 4:28 PM",
Participant 12895973,Submitted for grading - Not marked,Ryan Statton,65,100,Not marked,Yes,"Monday, 22 April 2024, 3:38 PM","Monday, 22 April 2024, 3:38 PM",
Participant 12895937,Submitted for grading - Not marked,Joel Solomons,77,100,Not marked,Yes,"Monday, 22 April 2024, 3:12 PM","Monday, 22 April 2024, 3:12 PM",
Participant 12895823,Submitted for grading - Not marked,Anna Caunt,62,100,Not marked,Yes,"Monday, 22 April 2024, 2:26 PM","Monday, 22 April 2024, 2:26 PM",
Participant 12895918,Submitted for grading - Not marked,Anna Caunt,58,100,Not marked,Yes,"Monday, 22 April 2024, 1:34 PM","Monday, 22 April 2024, 1:34 PM",
Participant 12965046,Submitted for grading - Marking completed,Dar'ya Klymenko,58,100,Marking completed,Yes,"Monday, 22 April 2024, 1:31 PM","Monday, 22 April 2024, 1:31 PM",
Participant 12895824,Submitted for grading - Not marked,Ryan Statton,88,100,Not marked,Yes,"Monday, 22 April 2024, 1:00 PM","Monday, 8 April 2024, 10:52 AM",
Participant 12895804,Submitted for grading - Marking completed,Dar'ya Klymenko,58,100,Marking completed,Yes,"Monday, 22 April 2024, 12:04 PM","Monday, 22 April 2024, 12:04 PM",
Participant 12895900,Submitted for grading - Marking completed,Dar'ya Klymenko,58,100,Marking completed,Yes,"Wednesday, 17 April 2024, 1:35 PM","Wednesday, 17 April 2024, 1:35 PM",
Participant 12895732,Submitted for grading - Not marked,Ryan Statton,55,100,Not marked,Yes,"Wednesday, 17 April 2024, 11:05 AM","Wednesday, 17 April 2024, 10:46 AM",
Participant 12895752,No submission - Not marked,Alvise Rogers,0,100,Not marked,Yes,-,-,
Participant 12895697,No submission - Not marked,Ryan Statton,0,100,Not marked,Yes,-,-,
Participant 12895709,No submission - Not marked,Prahlad Saldanha,0,100,Not marked,Yes,-,"Wednesday, 6 March 2024, 10:49 AM",
Participant 12895734,No submission - Not marked,Alvise Rogers,0,100,Not marked,Yes,-,-,
Participant 12895784,No submission - Not marked,Prahlad Saldanha,0,100,Not marked,Yes,-,"Wednesday, 6 March 2024, 10:49 AM",
Participant 12895790,No submission - Not marked,Alvise Rogers,0,100,Not marked,Yes,-,-,
Participant 12895829,No submission - Not marked,Louise Crichton,0,100,Not marked,Yes,-,-,
Participant 12895832,No submission - Not marked,Ryan Statton,0,100,Not marked,Yes,-,-,
Participant 12895836,No submission - Not marked,Despina Djama,0,100,Not marked,Yes,-,-,
Participant 12895874,No submission - Not marked,Despina Djama,0,100,Not marked,Yes,-,-,
Participant 12895879,No submission - Not marked,Nomiki Koutsoumpari,0,100,Not marked,Yes,-,-,
Participant 12895887,No submission - Not marked,Anna Caunt,0,100,Not marked,Yes,-,-,
Participant 12895926,No submission - Not marked,Dar'ya Klymenko,0,100,Not marked,Yes,-,-,
Participant 12895942,No submission - Not marked,Spencer Talbot,0,100,Not marked,Yes,-,-,
